task_id,repo,split,base_commit,gold_commit,gold_commit_count,commit_urls,pull_number,pull_url,gold_patch_file,gold_files_changed,gold_loc_added,gold_loc_deleted,gold_modules_changed
python-babel__babel-1120,python-babel/babel,discovery,0005c85fccccb491930f064ea8d064e87ce7ee79,ac3c99969e2182a01360152fa37b6cc5e3a88a26,6,https://github.com/python-babel/babel/commit/60214091492b4f135c9f76aaf3200fb28928631d https://github.com/python-babel/babel/commit/3098db0757c6c816f32195b01873004df7ac0de6 https://github.com/python-babel/babel/commit/6e815e27835100450cd8ad5a1ef7f3ae476dcfd2 https://github.com/python-babel/babel/commit/89602b4cd81636d1d6545d4a16aae216af560212 https://github.com/python-babel/babel/commit/1def5e824362e5c5f91c866ee0322fe594e687df https://github.com/python-babel/babel/commit/ac3c99969e2182a01360152fa37b6cc5e3a88a26,1120,https://github.com/python-babel/babel/pull/1120,gold/patches/python-babel__babel-1120.patch,2,24,3,1
pdm-project__pdm-3455,pdm-project/pdm,discovery,92dfb19a220cdb78d47d2220414fc91c4007d8d0,c66de2476bc3ce7f08112e1e68526864d1b4529c,3,https://github.com/pdm-project/pdm/commit/38ac94c8fb3a53f2a5234e03977ccbde6fea6de7 https://github.com/pdm-project/pdm/commit/24b76396df64ee1d42302ea3758f48a45f647a78 https://github.com/pdm-project/pdm/commit/c66de2476bc3ce7f08112e1e68526864d1b4529c,3455,https://github.com/pdm-project/pdm/pull/3455,gold/patches/pdm-project__pdm-3455.patch,4,42,37,4
kozea__weasyprint-2051,Kozea/WeasyPrint,discovery,6e835e2729c24fac40e2f908c33bed9be5f6042d,63ab6140cea7c7f7db24357cdefd08e55f90595f,1,https://github.com/Kozea/WeasyPrint/commit/63ab6140cea7c7f7db24357cdefd08e55f90595f,2051,https://github.com/Kozea/WeasyPrint/pull/2051,gold/patches/kozea__weasyprint-2051.patch,1,1,0,1
pylint-dev__pylint-9346,pylint-dev/pylint,discovery,511354a8382ee40d08322117c81bdd452131ff6f,86f43785997a855e3a7d5adbbe2b0412516e5621,1,https://github.com/pylint-dev/pylint/commit/86f43785997a855e3a7d5adbbe2b0412516e5621,9346,https://github.com/pylint-dev/pylint/pull/9346,gold/patches/pylint-dev__pylint-9346.patch,2,10,0,2
reata__sqllineage-581,reata/sqllineage,discovery,fb37edc8f114a2a2e68bdbba16013bd51b3e50ec,1b27aa48ee6c4bdbca06e83ace6a1b7f4cdf2fec,1,https://github.com/reata/sqllineage/commit/1b27aa48ee6c4bdbca06e83ace6a1b7f4cdf2fec,581,https://github.com/reata/sqllineage/pull/581,gold/patches/reata__sqllineage-581.patch,1,4,4,1
pytorch__torchtune-1477,pytorch/torchtune,held_out,069bc4dcd9e7d6795efd042dbc64d145e8a785d3,1e0501e84d13119b89c81b9cafe08da7b8bae0ec,1,https://github.com/pytorch/torchtune/commit/1e0501e84d13119b89c81b9cafe08da7b8bae0ec,1477,https://github.com/pytorch/torchtune/pull/1477,gold/patches/pytorch__torchtune-1477.patch,1,4,2,1
python-babel__babel-1126,python-babel/babel,discovery,ea84d9d5f0bd2859f3281e4dac812ae05d33f466,57957119dd39e8078dbc5f1c714089ad8741026b,1,https://github.com/python-babel/babel/commit/57957119dd39e8078dbc5f1c714089ad8741026b,1126,https://github.com/python-babel/babel/pull/1126,gold/patches/python-babel__babel-1126.patch,1,8,2,1
mikedh__trimesh-2136,mikedh/trimesh,held_out,021af1fedb3c6cff0e42cba9eed140eea7f819e3,c930b48a1276e6009bcdb9327a4815f82ecc6773,4,https://github.com/mikedh/trimesh/commit/54cb78d9317cdaf8274cf0cb7e47ca72a727b041 https://github.com/mikedh/trimesh/commit/4e20242aa137214ac54ee8a4afa18ddf3201830e https://github.com/mikedh/trimesh/commit/3b3fcebbd2085786b38ddb8e364d01b07446dc53 https://github.com/mikedh/trimesh/commit/c930b48a1276e6009bcdb9327a4815f82ecc6773,2136,https://github.com/mikedh/trimesh/pull/2136,gold/patches/mikedh__trimesh-2136.patch,4,32,42,3
geopandas__geopandas-3240,geopandas/geopandas,pilot,e5ef54c86cf10dd6f09b6eccea55fb3cc3038e3b,e7cd961f36c7ea86f2d570aaf12f65e5eadab13b,7,https://github.com/geopandas/geopandas/commit/795d154bb138d594824db30d457d37b854204461 https://github.com/geopandas/geopandas/commit/7e7bebe5d5624a19fda4cb0214dcbc58aad17722 https://github.com/geopandas/geopandas/commit/d71969e24376edb5d4f2ce0cc2b6515b60bcfd78 https://github.com/geopandas/geopandas/commit/0854398e101d03fbc0a877fcc0e741744ddfd3b4 https://github.com/geopandas/geopandas/commit/54600652ca1edc37eb15ba70aca3eecedd67a5a9 https://github.com/geopandas/geopandas/commit/b6cc984f63f8dc2264aaac9878a6489e02756f88 https://github.com/geopandas/geopandas/commit/e7cd961f36c7ea86f2d570aaf12f65e5eadab13b,3240,https://github.com/geopandas/geopandas/pull/3240,gold/patches/geopandas__geopandas-3240.patch,1,3,8,1
fonttools__fonttools-3682,fonttools/fonttools,discovery,e04dfaab53c54b83096222993b914dc62e483156,1cb153b2c52a1ae52fdafed4a08d34a73131302e,4,https://github.com/fonttools/fonttools/commit/ea59c39e219f8568667235a93d987eca9c1a0bc1 https://github.com/fonttools/fonttools/commit/a238ed2c318e04babee1f14932e080cb925f1544 https://github.com/fonttools/fonttools/commit/2906e4043d92d044861d3b982091fdbc94f19cc2 https://github.com/fonttools/fonttools/commit/1cb153b2c52a1ae52fdafed4a08d34a73131302e,3682,https://github.com/fonttools/fonttools/pull/3682,gold/patches/fonttools__fonttools-3682.patch,1,8,2,1
joke2k__faker-2007,joke2k/faker,pilot,250fa19baf01aa2289afe44b07225f785cf536c5,232470ac80622e275147c079f7fc24751777dd25,1,https://github.com/joke2k/faker/commit/232470ac80622e275147c079f7fc24751777dd25,2007,https://github.com/joke2k/faker/pull/2007,gold/patches/joke2k__faker-2007.patch,1,10,0,1
shapely__shapely-2223,shapely/shapely,discovery,d602a4a33ed33d5c9dd02d7e0777055674dd549f,fbc4fe4b71dd8112d521e43263c277f197120eed,5,https://github.com/shapely/shapely/commit/835f1484ced16180831d30340876aed60d0468dd https://github.com/shapely/shapely/commit/e18018d98badf0996c150be658dcf3eb439eb5f8 https://github.com/shapely/shapely/commit/aad221b3187acfd2e3d02f2e5477a493b27ee2d7 https://github.com/shapely/shapely/commit/3ce15c40fd018dda0cd9f93d37e51682088defeb https://github.com/shapely/shapely/commit/fbc4fe4b71dd8112d521e43263c277f197120eed,2223,https://github.com/shapely/shapely/pull/2223,gold/patches/shapely__shapely-2223.patch,1,16,6,1
reflex-dev__reflex-4129,reflex-dev/reflex,held_out,5e3cfecdeab4182e4a405e94fb2d78f7b70eb16a,d74ddc39142501d41222f856411822e3384f0614,3,https://github.com/reflex-dev/reflex/commit/9b999e2511009413b3f416f5f6de3d84e771228b https://github.com/reflex-dev/reflex/commit/3e0c31cfd6e4e3860eb447d9ba12a9d4567e896f https://github.com/reflex-dev/reflex/commit/d74ddc39142501d41222f856411822e3384f0614,4129,https://github.com/reflex-dev/reflex/pull/4129,gold/patches/reflex-dev__reflex-4129.patch,3,56,5,1
aws-cloudformation__cfn-lint-3386,aws-cloudformation/cfn-lint,discovery,3dfb0e43eb1eafd09b959ae22607af3d5c7814e6,549c9830a6e9f3a9dc21be4a665ce2694ebaf547,3,https://github.com/aws-cloudformation/cfn-lint/commit/27abcec4b2b81aaa6f8e0eea8aeac64d28b0d2ef https://github.com/aws-cloudformation/cfn-lint/commit/9b04dd08198b2270d34797613a5c503eeab66027 https://github.com/aws-cloudformation/cfn-lint/commit/549c9830a6e9f3a9dc21be4a665ce2694ebaf547,3386,https://github.com/aws-cloudformation/cfn-lint/pull/3386,gold/patches/aws-cloudformation__cfn-lint-3386.patch,4,15,5,1
python-babel__babel-1132,python-babel/babel,discovery,f91754b01cb9f32b83aeaa80b74ed10b5dfccb6a,efea1fe40fffb72344c2e6cecfe155201bb92552,2,https://github.com/python-babel/babel/commit/835ba638dce5b5b9bce3127a349597596582ff30 https://github.com/python-babel/babel/commit/efea1fe40fffb72344c2e6cecfe155201bb92552,1132,https://github.com/python-babel/babel/pull/1132,gold/patches/python-babel__babel-1132.patch,1,1,1,1
stanfordnlp__dspy-848,stanfordnlp/dspy,discovery,81c2f579d50057d51351c259796e07958efdd9d1,576eab85eaf35d2a53dcab8b56e93073fe1ad786,2,https://github.com/stanfordnlp/dspy/commit/4d8178f3dced4e8412e0a0a3eb5fa88b7f4bfc5b https://github.com/stanfordnlp/dspy/commit/576eab85eaf35d2a53dcab8b56e93073fe1ad786,848,https://github.com/stanfordnlp/dspy/pull/848,gold/patches/stanfordnlp__dspy-848.patch,1,3,6,1
deepset-ai__haystack-6889,deepset-ai/haystack,discovery,27d0b28d066dff159e2567a87d02acd35c35c778,edf72787e8407f0cc796bf6e0587000b8de59c5b,5,https://github.com/deepset-ai/haystack/commit/54629b02915de57c3cb2f3bf7ca5f24a3d70b0d6 https://github.com/deepset-ai/haystack/commit/a38b61f0b4c5ec913506609cfa0c17dd39819d94 https://github.com/deepset-ai/haystack/commit/86ec27791e572c344e08a3941f13adc7014b78f5 https://github.com/deepset-ai/haystack/commit/476f0d1a4f04bf7a8755693043b89b6df401d133 https://github.com/deepset-ai/haystack/commit/edf72787e8407f0cc796bf6e0587000b8de59c5b,6889,https://github.com/deepset-ai/haystack/pull/6889,gold/patches/deepset-ai__haystack-6889.patch,1,7,2,1
sissbruecker__linkding-687,sissbruecker/linkding,discovery,d5a83722de3473ce367c2209f9145c59797d48fd,2ae6b8b97dea2133427f7aed18286f1eaaa11184,1,https://github.com/sissbruecker/linkding/commit/2ae6b8b97dea2133427f7aed18286f1eaaa11184,687,https://github.com/sissbruecker/linkding/pull/687,gold/patches/sissbruecker__linkding-687.patch,1,10,0,1
fonttools__fonttools-3749,fonttools/fonttools,discovery,46cb2d078adebb0830d054052c1a489e699583b0,6bc5d7f887b9d69407d93f83f5cbeba2146041b0,1,https://github.com/fonttools/fonttools/commit/6bc5d7f887b9d69407d93f83f5cbeba2146041b0,3749,https://github.com/fonttools/fonttools/pull/3749,gold/patches/fonttools__fonttools-3749.patch,3,81,1,2
stanfordnlp__dspy-1741,stanfordnlp/dspy,discovery,9391c2a9b386cbbbe27d18206790a40c27503348,79381d773904607af0259e395648b4ed0a2fa71a,1,https://github.com/stanfordnlp/dspy/commit/79381d773904607af0259e395648b4ed0a2fa71a,1741,https://github.com/stanfordnlp/dspy/pull/1741,gold/patches/stanfordnlp__dspy-1741.patch,1,23,7,1
patroni__patroni-3148,patroni/patroni,held_out,2f800173a5e4cedfe99a6d6ad367057bfcc96d2b,66f451cca1ee02418aa4fa5e06797ed9fc7a6a6f,3,https://github.com/patroni/patroni/commit/6c842f3ccd6132980204d370d23fafe48a8fb805 https://github.com/patroni/patroni/commit/5a65b2ec2b37571d8b806a9d1de705da0818dd26 https://github.com/patroni/patroni/commit/66f451cca1ee02418aa4fa5e06797ed9fc7a6a6f,3148,https://github.com/patroni/patroni/pull/3148,gold/patches/patroni__patroni-3148.patch,5,90,17,2
patroni__patroni-2998,patroni/patroni,held_out,8acefefc4238b9d32cda2e8670ba53e212837c7c,87dcd077bc40d3b26232856a0c634f029c59ed19,2,https://github.com/patroni/patroni/commit/c01c9d495cb67d79ad922e1592dcd0cd363e5031 https://github.com/patroni/patroni/commit/87dcd077bc40d3b26232856a0c634f029c59ed19,2998,https://github.com/patroni/patroni/pull/2998,gold/patches/patroni__patroni-2998.patch,1,15,3,1
pydata__xarray-9974,pydata/xarray,held_out,609412d8544217247ddf2f72f988da1b38ef01bc,2459ffce9e4eec121b926c27deb73cba6945663e,4,https://github.com/pydata/xarray/commit/16b85da4806a7b4f5e70b1897d8251eed2e118cd https://github.com/pydata/xarray/commit/67cdd22bbbd4f86102ce4d66d0a351bbdd619004 https://github.com/pydata/xarray/commit/bf9699a432561fa5cc5e4845c9614470a17a0d45 https://github.com/pydata/xarray/commit/2459ffce9e4eec121b926c27deb73cba6945663e,9974,https://github.com/pydata/xarray/pull/9974,gold/patches/pydata__xarray-9974.patch,2,3,1,2
mikedh__trimesh-2152,mikedh/trimesh,held_out,11cd6f885a0c1980c6b094dba1f5cb5b321021c3,c1a0c6b8f40f65b57c0c90e3270016471ad3b90a,21,https://github.com/mikedh/trimesh/commit/44e3244c662a3d346cb254e48229ff4fa628b189 https://github.com/mikedh/trimesh/commit/27e95548c896aa1e997433dc32cc75222b5a345e https://github.com/mikedh/trimesh/commit/9f3f89f9e9053bc8717fbcfa1be9a6415d54d68e https://github.com/mikedh/trimesh/commit/d520620edaec3e6723de8e0e1bcea5fa9b12fd54 https://github.com/mikedh/trimesh/commit/f25711e26e663e8051c20bf0bd813d469f19f3da https://github.com/mikedh/trimesh/commit/9ad4c1355f074d8944d4e5f72ff99bc399fc3126 https://github.com/mikedh/trimesh/commit/759f321c30df37b43b878ecd078f12c2de5ffbd2 https://github.com/mikedh/trimesh/commit/72ad88d323dba10a4d126b6842a370b63240b2f9 https://github.com/mikedh/trimesh/commit/082e075ae367f7ce1b967586e1d2213b57347506 https://github.com/mikedh/trimesh/commit/2988e2f224d977cd791387abc0ec12446a720c2f https://github.com/mikedh/trimesh/commit/ff8f6e71bcd8d745afda614598df04ce28f49929 https://github.com/mikedh/trimesh/commit/f2da65037610fa7ae32f43b368509f547260adf8 https://github.com/mikedh/trimesh/commit/83d8d1ae9d329e5c5958e2e374f5c0462104669c https://github.com/mikedh/trimesh/commit/4f14bd7670c18dce3e71d69bfc9b80a7926b4bed https://github.com/mikedh/trimesh/commit/8c3cf07907ab4b0c8c0696fce7ae5503dbe54c92 https://github.com/mikedh/trimesh/commit/d96b9a5b99a183ea189e8d0e7f5199b8ac7bb2df https://github.com/mikedh/trimesh/commit/12810aad5ffbf8fb71604755f1ba816182e90a43 https://github.com/mikedh/trimesh/commit/d31d05f676f967a1652d32bd4a94b1decd6e7e94 https://github.com/mikedh/trimesh/commit/caa5ebfba22439b6db38b51624190739266357b1 https://github.com/mikedh/trimesh/commit/18b5ad4b8b5d8016ea0eb967b22814839ee136ee https://github.com/mikedh/trimesh/commit/c1a0c6b8f40f65b57c0c90e3270016471ad3b90a,2152,https://github.com/mikedh/trimesh/pull/2152,gold/patches/mikedh__trimesh-2152.patch,11,85,57,3
instructlab__instructlab-1576,instructlab/instructlab,discovery,4ee8677e9461e753e6d1d4afe5c5a5d48a1910db,9e6571788fa88f44c031d7bd2a62613f068501d7,1,https://github.com/instructlab/instructlab/commit/9e6571788fa88f44c031d7bd2a62613f068501d7,1576,https://github.com/instructlab/instructlab/pull/1576,gold/patches/instructlab__instructlab-1576.patch,1,40,14,1
qtile__qtile-5154,qtile/qtile,discovery,fecc37d8b99b8fa20c9e925660fa25c3157c206c,1670aa8100889ab126e2994168769d1a5be136e7,1,https://github.com/qtile/qtile/commit/1670aa8100889ab126e2994168769d1a5be136e7,5154,https://github.com/qtile/qtile/pull/5154,gold/patches/qtile__qtile-5154.patch,2,4,2,2
mikedh__trimesh-2205,mikedh/trimesh,held_out,e1979b933e5b247792c298d2bccb29014aea27d5,73bed1f683201c1b99ccd770f2138b9fcc9df010,28,https://github.com/mikedh/trimesh/commit/1a3c20b6307cbbdbbf14c5bce3a3cf94acf85537 https://github.com/mikedh/trimesh/commit/6266623cbcc24cef2df04f2198bb31d9489e83ff https://github.com/mikedh/trimesh/commit/17ded387084a86ef249a67e9b1d133f30e7079e2 https://github.com/mikedh/trimesh/commit/04c1b3f336f25c63c18777d125f391a14d797918 https://github.com/mikedh/trimesh/commit/44f53dd03a5adb92f9ba35957f47c5b4717546d9 https://github.com/mikedh/trimesh/commit/c4df9a22614e4ca471e9f85decfce974fe644881 https://github.com/mikedh/trimesh/commit/9300a2bf83bc72057ef0d240a3ba996da3982b93 https://github.com/mikedh/trimesh/commit/a9e90610ce31c96cb48f7cb8d0cb42e5d8233410 https://github.com/mikedh/trimesh/commit/473bbc71fb0d041a7ead17b37e90b3258dcfce4f https://github.com/mikedh/trimesh/commit/309eab9760b4bc3ffc72e42a55fd936a8c201a2f https://github.com/mikedh/trimesh/commit/667f111cc41ee8f6ffac96eece4b4b31f7489e38 https://github.com/mikedh/trimesh/commit/dc8c0d01208bd7fb3c50bb92da445b85fcc370bd https://github.com/mikedh/trimesh/commit/2f6c4f2933fd9611bf8a3f941b92926a41ac2ca4 https://github.com/mikedh/trimesh/commit/601ce36d0f326724691754d3d410b8b968881747 https://github.com/mikedh/trimesh/commit/262aa30bc3065dd0a12fd20c29bd9b28181de86d https://github.com/mikedh/trimesh/commit/c82d29da23c68bab400836f8613bd3f681636c39 https://github.com/mikedh/trimesh/commit/d39cf5bbd3245d4574587c9e767ec353e6de6345 https://github.com/mikedh/trimesh/commit/cc90afcff3a423ff0c6eee70619251dcd28e0783 https://github.com/mikedh/trimesh/commit/01ec51c341302992a5bbaecfe0c6a1b57a9bda49 https://github.com/mikedh/trimesh/commit/ca2a660a1b2cc7358b4c13e604de09a4cadbb2aa https://github.com/mikedh/trimesh/commit/f74c8b60f94f84257ba0885910084c22fdb91f8a https://github.com/mikedh/trimesh/commit/f2385c38544fd0b5891cf49ca5f7dba75cb9fe4a https://github.com/mikedh/trimesh/commit/a61f9dfee1722c5fe27e07f38aaa9a9b62aa0e3d https://github.com/mikedh/trimesh/commit/9084e1200991b632e32dd8e056a1e2322e41a7f8 https://github.com/mikedh/trimesh/commit/45565d9159f7a4b51104b18b8fae5cedf2863832 https://github.com/mikedh/trimesh/commit/9d6521fc103e94333c13a331154e1f6f0eacbc35 https://github.com/mikedh/trimesh/commit/f38fc29fa90a8a4258ed7f9ba6984efb29ea16a0 https://github.com/mikedh/trimesh/commit/73bed1f683201c1b99ccd770f2138b9fcc9df010,2205,https://github.com/mikedh/trimesh/pull/2205,gold/patches/mikedh__trimesh-2205.patch,10,3426,345,5
instructlab__instructlab-615,instructlab/instructlab,discovery,faaf98858135cd8279caede18906d4b36a4b78a9,1143c5967bba74f70d9d2ad01aa87b64a23da33a,2,https://github.com/instructlab/instructlab/commit/dfaf8b21434955e977740069367d69081d562a62 https://github.com/instructlab/instructlab/commit/1143c5967bba74f70d9d2ad01aa87b64a23da33a,615,https://github.com/instructlab/instructlab/pull/615,gold/patches/instructlab__instructlab-615.patch,1,13,11,1
pylint-dev__pylint-9990,pylint-dev/pylint,discovery,537e9da59e7df337fa39897d0b583ce0c12d3ed9,16d14e8c2e1ad0c559b2b81536d265458b26dea4,5,https://github.com/pylint-dev/pylint/commit/50dea18d6fa85e0ca7e2311748f11d2a6c47fd2f https://github.com/pylint-dev/pylint/commit/da91776b3219968cecb759ba9b116fd64823ef3f https://github.com/pylint-dev/pylint/commit/0a88d3f729e7a37c021edcd5a2f55640a19c2573 https://github.com/pylint-dev/pylint/commit/22d2d7dedc4b831120a1ccf1ac623ff4030c37c0 https://github.com/pylint-dev/pylint/commit/16d14e8c2e1ad0c559b2b81536d265458b26dea4,9990,https://github.com/pylint-dev/pylint/pull/9990,gold/patches/pylint-dev__pylint-9990.patch,2,40,31,2
icloud-photos-downloader__icloud_photos_downloader-1061,icloud-photos-downloader/icloud_photos_downloader,pilot,f8987b1933554af5489c2088b1066244abb270b4,dda4c70789a4845e8449620851fb9b2f671668a0,1,https://github.com/icloud-photos-downloader/icloud_photos_downloader/commit/dda4c70789a4845e8449620851fb9b2f671668a0,1061,https://github.com/icloud-photos-downloader/icloud_photos_downloader/pull/1061,gold/patches/icloud-photos-downloader__icloud_photos_downloader-1061.patch,1,8,6,1
jupyterlab__jupyter-ai-1294,jupyterlab/jupyter-ai,discovery,0e2c4e41ffdc4c35132840d97135664843c9fe2a,a63edea79e574859bb1f01d51a5a54fa400d8c40,2,https://github.com/jupyterlab/jupyter-ai/commit/99a2004887a79d745478f78f34739538a1e09312 https://github.com/jupyterlab/jupyter-ai/commit/a63edea79e574859bb1f01d51a5a54fa400d8c40,1294,https://github.com/jupyterlab/jupyter-ai/pull/1294,gold/patches/jupyterlab__jupyter-ai-1294.patch,1,35,3,1
kozea__weasyprint-2398,Kozea/WeasyPrint,discovery,20197135f56dcd886248e671058933c14cdf5f78,57b61982419ab20935be980b5398b434c10a28dd,1,https://github.com/Kozea/WeasyPrint/commit/57b61982419ab20935be980b5398b434c10a28dd,2398,https://github.com/Kozea/WeasyPrint/pull/2398,gold/patches/kozea__weasyprint-2398.patch,1,4,9,1
ipython__ipython-14838,ipython/ipython,held_out,978324813ce6a4a39156c549436b89eb22944038,a31f837723d6379a912c5f409db891cd6dab29b0,15,https://github.com/ipython/ipython/commit/7f12f6de122024fcbe7508d845c618f32a81d67f https://github.com/ipython/ipython/commit/6cd169ddf70fe9584d267b5a6038ea940b873809 https://github.com/ipython/ipython/commit/b6e22d6ef4578cacbbb61d6be1a5c48773d325d4 https://github.com/ipython/ipython/commit/7131c2dd16e9fa370f220c8ff153918ed5be4a2e https://github.com/ipython/ipython/commit/4b28cdf400645257539bcf7d39c013cf1d2a4924 https://github.com/ipython/ipython/commit/3de4fa7ee7896b1a317585f31d96cea0b3c20f8c https://github.com/ipython/ipython/commit/6f9003644af3669fd14961f64efd71a41ffad194 https://github.com/ipython/ipython/commit/1951fc21dc3ba22c63a73253c1b1357c3e2268ca https://github.com/ipython/ipython/commit/db0c8e33fd6f4e835447ad6223d4e26668e4a332 https://github.com/ipython/ipython/commit/b0501184c07e7c5f7621e69be987723372f3b0cb https://github.com/ipython/ipython/commit/033e735fba4ef511e4694477313b5f85f4484ac7 https://github.com/ipython/ipython/commit/0dcc950c95405030f49994ccff6389427288e75c https://github.com/ipython/ipython/commit/44a6b6159a0d74454ddcf7ad2b260856a0b441c6 https://github.com/ipython/ipython/commit/e919491f265613f892a60a4b2a7fba3c21f4e93b https://github.com/ipython/ipython/commit/a31f837723d6379a912c5f409db891cd6dab29b0,14838,https://github.com/ipython/ipython/pull/14838,gold/patches/ipython__ipython-14838.patch,1,155,3,1
pydata__xarray-10141,pydata/xarray,held_out,bb539d8e89fa7601e69fb9dbf849b051c61a3a31,b5a538fe9562659ffea913e8e61d73d16b5a3c32,2,https://github.com/pydata/xarray/commit/abbffea1995ec671a2af558563e46d49c30a9443 https://github.com/pydata/xarray/commit/b5a538fe9562659ffea913e8e61d73d16b5a3c32,10141,https://github.com/pydata/xarray/pull/10141,gold/patches/pydata__xarray-10141.patch,1,1,1,1
python-attrs__attrs-1253,python-attrs/attrs,held_out,82a14627fddbd0b2d802fbc574fa3b1ef010a801,4099d677717c563f77761960d464ba4001553b8c,5,https://github.com/python-attrs/attrs/commit/6647cd5e8a69635774952983c5ffae8975ec1ac7 https://github.com/python-attrs/attrs/commit/17fb4e370987b6b2ba553566abf5ae083309235d https://github.com/python-attrs/attrs/commit/0c342e33254f3063779a267e5e3f1f61d9f3f217 https://github.com/python-attrs/attrs/commit/f5035ec460ac511c6da8c513f5c335a694b3231d https://github.com/python-attrs/attrs/commit/4099d677717c563f77761960d464ba4001553b8c,1253,https://github.com/python-attrs/attrs/pull/1253,gold/patches/python-attrs__attrs-1253.patch,2,7,2,2
jupyterlab__jupyter-ai-879,jupyterlab/jupyter-ai,discovery,4664a0baa2993efb2b0265d41f376dd5c902c6c8,267a8b9a3831942e5875635a010fea913745a927,2,https://github.com/jupyterlab/jupyter-ai/commit/3091dd196da9dc9950496a4d2254e49cfeb0d767 https://github.com/jupyterlab/jupyter-ai/commit/267a8b9a3831942e5875635a010fea913745a927,879,https://github.com/jupyterlab/jupyter-ai/pull/879,gold/patches/jupyterlab__jupyter-ai-879.patch,1,6,11,1
conan-io__conan-17132,conan-io/conan,held_out,d8db468afbac9410d0ba5209ac9c4a58224c3864,eae175087b913053674f34bc10c46da27294676a,3,https://github.com/conan-io/conan/commit/239d28afcc5b179866899b7d5ea7a1f2126653b6 https://github.com/conan-io/conan/commit/901a0910e76cba68d3211d12356adb95e4b18859 https://github.com/conan-io/conan/commit/eae175087b913053674f34bc10c46da27294676a,17132,https://github.com/conan-io/conan/pull/17132,gold/patches/conan-io__conan-17132.patch,4,3,10,1
matplotlib__matplotlib-28073,matplotlib/matplotlib,pilot,f5067c16757f4cd800ae3ba0ac25ff79d2e41a7f,43ce57d8155fd3839967a5f0439bfc22f1b52c18,13,https://github.com/matplotlib/matplotlib/commit/1a6ec0f477892b13aa08e915a9d478e841d55c16 https://github.com/matplotlib/matplotlib/commit/0e52daad459d0f3b1f1238016533ebf4583a3438 https://github.com/matplotlib/matplotlib/commit/34df06a477c7bf05517b92d886d676a35ac33fe2 https://github.com/matplotlib/matplotlib/commit/4fcb70982e45ab9885f829a52d39219ecf428347 https://github.com/matplotlib/matplotlib/commit/347ce221f0b289b2ec577114b29729c844760402 https://github.com/matplotlib/matplotlib/commit/d7ffeaa16c5ee7dc5306adc426bcd2ca4b65e27f https://github.com/matplotlib/matplotlib/commit/9024be4fc848af32b09f7b62e81c1062adab4e45 https://github.com/matplotlib/matplotlib/commit/3bfca5fe17e36798f0f836654319b4f72f67575b https://github.com/matplotlib/matplotlib/commit/6029e32e35dcc2573b3572103d6b9aa73b73399e https://github.com/matplotlib/matplotlib/commit/0349e7d42b6ef256a45f21b769c59a8d786d9aaf https://github.com/matplotlib/matplotlib/commit/d1a80797948cd4bdbd70e04d05b4c183e931d781 https://github.com/matplotlib/matplotlib/commit/9a813f490822c6299e05cb7d37c064480e31f3e4 https://github.com/matplotlib/matplotlib/commit/43ce57d8155fd3839967a5f0439bfc22f1b52c18,28073,https://github.com/matplotlib/matplotlib/pull/28073,gold/patches/matplotlib__matplotlib-28073.patch,3,169,9,3
kedro-org__kedro-3998,kedro-org/kedro,discovery,beaf31382d3d58e4d956d3a82bafee462d31e4ed,de7da036fd4851c5c61dabdec87f258b70d3f360,3,https://github.com/kedro-org/kedro/commit/389f81164354aa658bcfc7c83e9115d9fbda9f0e https://github.com/kedro-org/kedro/commit/d06b13f2b8dfcec2579586a5b6ca5924843309ba https://github.com/kedro-org/kedro/commit/de7da036fd4851c5c61dabdec87f258b70d3f360,3998,https://github.com/kedro-org/kedro/pull/3998,gold/patches/kedro-org__kedro-3998.patch,2,9,8,1
streamlink__streamlink-6452,streamlink/streamlink,discovery,e520a5e531faa5961a260fd38db476008a86d718,ba95d0e9ce7c55446262f49568121f3e9b008515,1,https://github.com/streamlink/streamlink/commit/ba95d0e9ce7c55446262f49568121f3e9b008515,6452,https://github.com/streamlink/streamlink/pull/6452,gold/patches/streamlink__streamlink-6452.patch,1,94,80,1
kedro-org__kedro-3950,kedro-org/kedro,discovery,b6e585f80ace1896e6bd3c31d827a1991ed2c664,d3d4a4146066bec441cf30f2a55c934438201dfd,4,https://github.com/kedro-org/kedro/commit/ea43809fac6b5737ae4b94d10cd056b9ad943cb9 https://github.com/kedro-org/kedro/commit/f03ebe7d20261a6aa90bce511db428fd3ea020d0 https://github.com/kedro-org/kedro/commit/f7d163d5300982897722bf0d211c75dd696e9200 https://github.com/kedro-org/kedro/commit/d3d4a4146066bec441cf30f2a55c934438201dfd,3950,https://github.com/kedro-org/kedro/pull/3950,gold/patches/kedro-org__kedro-3950.patch,2,2,1,2
kozea__weasyprint-2231,Kozea/WeasyPrint,discovery,cbf10b9dc7670c71d019ae9df81a8702fd191462,1f4a6ffc0f5a4a9cd0ccdfb848344cc8956fe263,17,https://github.com/Kozea/WeasyPrint/commit/4cd11c62438c307d393798e8f6913bfb66eb66ef https://github.com/Kozea/WeasyPrint/commit/f262e8ddd5dc578bf55953f811f9e9cb366857c9 https://github.com/Kozea/WeasyPrint/commit/9e8eaae25dfdfa0850499dcd19aa946054c1b338 https://github.com/Kozea/WeasyPrint/commit/7019fe96dc6112a834cd90bfbb0d4ec491497a0b https://github.com/Kozea/WeasyPrint/commit/ce6253f7f738e2a33699f8c361a660728bdc93fe https://github.com/Kozea/WeasyPrint/commit/bfeefa41b78c99d7829fc2ce2d8ab12a90a972cf https://github.com/Kozea/WeasyPrint/commit/dd5dcca51c35d3e9a702e8b2f93ca8e88377658f https://github.com/Kozea/WeasyPrint/commit/e8ef883afcd41ccbb42b05898544694f606592ef https://github.com/Kozea/WeasyPrint/commit/0217f38ec8c1cefc2dc3eda8a32c0e8559ed5681 https://github.com/Kozea/WeasyPrint/commit/4771c359d7dccfb29d13aae4528dab1b9be2415b https://github.com/Kozea/WeasyPrint/commit/6cacfd672e60d16bdac9ca8db6ab03529512c671 https://github.com/Kozea/WeasyPrint/commit/c68a465638ecedc767762c77c5e29ad123e95901 https://github.com/Kozea/WeasyPrint/commit/c5175861e6bbedb3a8a06d5b12199727e4520008 https://github.com/Kozea/WeasyPrint/commit/9d78e1f37459908956b72ed044d9f8db0e40dd22 https://github.com/Kozea/WeasyPrint/commit/3c47212d2d550da98a6bba29c0dd715f1adadb58 https://github.com/Kozea/WeasyPrint/commit/acdce9f2242095e9a4df662dbcb1006e916a3ac7 https://github.com/Kozea/WeasyPrint/commit/1f4a6ffc0f5a4a9cd0ccdfb848344cc8956fe263,2231,https://github.com/Kozea/WeasyPrint/pull/2231,gold/patches/kozea__weasyprint-2231.patch,1,317,144,1
python-control__python-control-1030,python-control/python-control,discovery,bb82883cb4abf5171e82ae4c025c012f5218b6a7,937783a427c55e7f18b5b32035f7583a932b6aea,3,https://github.com/python-control/python-control/commit/70d976110f8c687de2ea3206dbd4e00d6d6ed1de https://github.com/python-control/python-control/commit/d15e21fdedfa92a2af6909d63ea2e84aab4a8c63 https://github.com/python-control/python-control/commit/937783a427c55e7f18b5b32035f7583a932b6aea,1030,https://github.com/python-control/python-control/pull/1030,gold/patches/python-control__python-control-1030.patch,1,2,1,1
pdm-project__pdm-2909,pdm-project/pdm,discovery,89886b861bb3241fe09ac52b76992e32682cdc09,f9065aa2ebe25f89f3df145a3c0bcf382d3f46ef,2,https://github.com/pdm-project/pdm/commit/17ddd13857f14d73ee03010034614efe417fda74 https://github.com/pdm-project/pdm/commit/f9065aa2ebe25f89f3df145a3c0bcf382d3f46ef,2909,https://github.com/pdm-project/pdm/pull/2909,gold/patches/pdm-project__pdm-2909.patch,3,8,2,2
pydata__xarray-8840,pydata/xarray,held_out,c2aebd81f144d9c28dec06b447371f540935c1a5,78252b27d5eaa7c6ec1d31a9049a9409ec74b3c1,32,https://github.com/pydata/xarray/commit/65d500c1383caaee66f88a7da64bfb6377b5c8db https://github.com/pydata/xarray/commit/9f5b9fd04daa50c28e46a35f8900e41e8be6274d https://github.com/pydata/xarray/commit/f338e45a9a60c14a3c2b9dbe39b87cd118d27ec9 https://github.com/pydata/xarray/commit/09fa70586531370d43e548342314ce7556a97587 https://github.com/pydata/xarray/commit/110517a97aa7ae468caab8565fc22f82fe9adae2 https://github.com/pydata/xarray/commit/01fbf504b550af58c2bc1899baa79872e0d779db https://github.com/pydata/xarray/commit/e2508953d9c3937ad7942f61b10d1005c1f17b00 https://github.com/pydata/xarray/commit/5572930565da16a75562792b679932eb3a248e3d https://github.com/pydata/xarray/commit/0dc1663377626aca2476e2e7946aee0d997173f9 https://github.com/pydata/xarray/commit/94b3ffa72282068fdb84d6ed7f4d111baa682878 https://github.com/pydata/xarray/commit/cdee85734914dfbbf663d05f59d02357faaa4f56 https://github.com/pydata/xarray/commit/74268efd8273a3b4acb47e3ac04b4b43c4063097 https://github.com/pydata/xarray/commit/64f78cd8e33c66c6430161ae854601a2585706f7 https://github.com/pydata/xarray/commit/58de38fc417d3e15471768ebfe2d85142605e5ac https://github.com/pydata/xarray/commit/6b2ed08dffd6d7456845b8f9161270eda3c85912 https://github.com/pydata/xarray/commit/3bbcab2c3be3f409042c7ec34813934a483ae238 https://github.com/pydata/xarray/commit/69d62cbd702b3377ae96cfd91c841162db5c68ad https://github.com/pydata/xarray/commit/205c2a71ce31fce17e34d16e7db5e523e65328f4 https://github.com/pydata/xarray/commit/114266318b89b990ec907b485669500ae54f87cd https://github.com/pydata/xarray/commit/c94d9c2a4f5576b3592dc625b6deb5b273e6fdf8 https://github.com/pydata/xarray/commit/7838d5709800619eaf8e137a780bb5f00888f1a4 https://github.com/pydata/xarray/commit/6bfe03a32022ae19787e4978b04002afa9c2c93a https://github.com/pydata/xarray/commit/cb4faad86d47b816ece85235de36843e93a56482 https://github.com/pydata/xarray/commit/792098cb59e916fd23ec0e0be63cadf1d8eaebe2 https://github.com/pydata/xarray/commit/8e1ed5819719d369191a3a1be691e632d55df706 https://github.com/pydata/xarray/commit/8b40396443816544fcbef5a511a4e28810faf49a https://github.com/pydata/xarray/commit/a2b0f050c610c09be5e410b1b21ea7e751494426 https://github.com/pydata/xarray/commit/d521849a1bf7398b280c5c9bff9df74b022fea1a https://github.com/pydata/xarray/commit/bf23f3d076902eb0ca85b24a37c9845ac4eee1fe https://github.com/pydata/xarray/commit/25c897d1e1754ec551ecbf4af6da01bd8cad46fd https://github.com/pydata/xarray/commit/1cafa67eea0a7f35a30430b78e3c43624899b70b https://github.com/pydata/xarray/commit/78252b27d5eaa7c6ec1d31a9049a9409ec74b3c1,8840,https://github.com/pydata/xarray/pull/8840,gold/patches/pydata__xarray-8840.patch,12,402,152,2
geopandas__geopandas-3271,geopandas/geopandas,pilot,ed4fe4ed11a980f1be61b253743270ecf9173f14,10fe9ab5b4dd16130d13feab98afad763db64206,4,https://github.com/geopandas/geopandas/commit/e5a14102927feae976b25f387e1e2e7468f713d0 https://github.com/geopandas/geopandas/commit/308ab6a67ea57b135d089d3cf6e7b84fd8facac8 https://github.com/geopandas/geopandas/commit/a525cfdd5bac9365bccfd271c571e3b1654b2d33 https://github.com/geopandas/geopandas/commit/10fe9ab5b4dd16130d13feab98afad763db64206,3271,https://github.com/geopandas/geopandas/pull/3271,gold/patches/geopandas__geopandas-3271.patch,2,46,30,2
shapely__shapely-2255,shapely/shapely,discovery,70be08ef1eea9cbd49d787ac0fe3d1fc85a1bf86,d56be12009d6619d88089ac0048e133812c24d03,2,https://github.com/shapely/shapely/commit/b47f27dd7103fde7f678d04d1f5ce58dd8c3bcec https://github.com/shapely/shapely/commit/d56be12009d6619d88089ac0048e133812c24d03,2255,https://github.com/shapely/shapely/pull/2255,gold/patches/shapely__shapely-2255.patch,1,4,0,1
mikedh__trimesh-2133,mikedh/trimesh,held_out,90a7ac5738b2ce64dae7bc399f9f0f788f9e7a17,eb0a0160d56c9fa435288b6616675ccb05b0b785,6,https://github.com/mikedh/trimesh/commit/21f75e42b2cdb0f1481530670c8583175072ee69 https://github.com/mikedh/trimesh/commit/4c95d932783dc3e3c617d60de8a37decee6a50d7 https://github.com/mikedh/trimesh/commit/8510ef206b6065b7869d765df97373d6782c2d5b https://github.com/mikedh/trimesh/commit/628c8e3976717104fca51825e27f4b4581150460 https://github.com/mikedh/trimesh/commit/d4be88bc5e4e6a2460f45820d917d1d58961b1e1 https://github.com/mikedh/trimesh/commit/eb0a0160d56c9fa435288b6616675ccb05b0b785,2133,https://github.com/mikedh/trimesh/pull/2133,gold/patches/mikedh__trimesh-2133.patch,6,67,38,3
kozea__weasyprint-2041,Kozea/WeasyPrint,discovery,a4a6c7d9e904de88feaeeb509879f431b64681ac,178b507fba0bbbb81ba93b895cef2737414de282,3,https://github.com/Kozea/WeasyPrint/commit/68f439c6868bfb7ec60592f965a7bdcdfcd33ac7 https://github.com/Kozea/WeasyPrint/commit/36d2a08b338a5dee43f46a9fa91beca5b31a0fe9 https://github.com/Kozea/WeasyPrint/commit/178b507fba0bbbb81ba93b895cef2737414de282,2041,https://github.com/Kozea/WeasyPrint/pull/2041,gold/patches/kozea__weasyprint-2041.patch,1,13,4,1
python-attrs__attrs-1320,python-attrs/attrs,held_out,09161fc9181bf94aa3bbc5509c663d736a9553dc,615a998f8cc79b1b3fbba2df4dab9ae423203efa,4,https://github.com/python-attrs/attrs/commit/ea33a7786720c3dd9ef8854eaf6bc6232a1bcbc7 https://github.com/python-attrs/attrs/commit/fee51ad6660cf4ec9784a5cb498f33ff3514803d https://github.com/python-attrs/attrs/commit/9b67b3328cb9c50bb908e5854ef39cce15bd3333 https://github.com/python-attrs/attrs/commit/615a998f8cc79b1b3fbba2df4dab9ae423203efa,1320,https://github.com/python-attrs/attrs/pull/1320,gold/patches/python-attrs__attrs-1320.patch,2,22,6,2
instructlab__instructlab-1417,instructlab/instructlab,discovery,45eb54e4afffb0d6ba0746ca6f207d994133d293,820bcf7d2f2945ce4cb8f2e76a1897c168526679,1,https://github.com/instructlab/instructlab/commit/820bcf7d2f2945ce4cb8f2e76a1897c168526679,1417,https://github.com/instructlab/instructlab/pull/1417,gold/patches/instructlab__instructlab-1417.patch,1,1,0,1
pvlib__pvlib-python-2281,pvlib/pvlib-python,held_out,a6995c377d65ce850c2d744ad42a2a79f6d511b3,a5e84dea4faf000138303ce93ea8a92a590fae30,10,https://github.com/pvlib/pvlib-python/commit/0e5cabc7564c7393bd90c3a85ddb01bad26a103b https://github.com/pvlib/pvlib-python/commit/cfbefa9e110bfdf16608a1077293d867510bbb1a https://github.com/pvlib/pvlib-python/commit/89ea772fee2944330741fb5a10b7a8b9ef29a308 https://github.com/pvlib/pvlib-python/commit/2ec262013d2d5ec543171e4c8a8120401bc1acfb https://github.com/pvlib/pvlib-python/commit/24ee5ff66aadec90e8bfec86ca057c806d6d7514 https://github.com/pvlib/pvlib-python/commit/bdb73082b536023c8b63a45ca247aeb0c97ed6c6 https://github.com/pvlib/pvlib-python/commit/3abe3697f781b354e8d40fd0eb459fdfef6ec112 https://github.com/pvlib/pvlib-python/commit/369cb0cea34df0be19193f18efe119b65fe3023a https://github.com/pvlib/pvlib-python/commit/36744dcd72c8f7ab78ba5058ac92f2e03c429c93 https://github.com/pvlib/pvlib-python/commit/a5e84dea4faf000138303ce93ea8a92a590fae30,2281,https://github.com/pvlib/pvlib-python/pull/2281,gold/patches/pvlib__pvlib-python-2281.patch,2,33,18,2
pypsa__pypsa-891,PyPSA/PyPSA,discovery,6477a028855a336453c96c92b1c69072ec80f777,7697c8689106f7f18b1dd531ab164de9a3f16d45,5,https://github.com/PyPSA/PyPSA/commit/8d5c03954d4c466bcae4ae3276dc633be12511de https://github.com/PyPSA/PyPSA/commit/82301f98650b55df4284efa38f4678b50d26fb4a https://github.com/PyPSA/PyPSA/commit/bf35d47f15dd8f7628895effae4f36a67d68f5db https://github.com/PyPSA/PyPSA/commit/aa7f84aeeab89636ec5bcd5a2440f7076598d56c https://github.com/PyPSA/PyPSA/commit/7697c8689106f7f18b1dd531ab164de9a3f16d45,891,https://github.com/PyPSA/PyPSA/pull/891,gold/patches/pypsa__pypsa-891.patch,3,8,3,3
sphinx-doc__sphinx-12583,sphinx-doc/sphinx,discovery,4051e2cae2d3bd09e1029b45b63888d32a593b93,82df42085483ffada8b873725cde516cfa4929c5,3,https://github.com/sphinx-doc/sphinx/commit/37fa0039f74423abe3399fd98b7ba358e5159aa5 https://github.com/sphinx-doc/sphinx/commit/ec47df7fbfb78d0c61071d0f3fd7729989faa20b https://github.com/sphinx-doc/sphinx/commit/82df42085483ffada8b873725cde516cfa4929c5,12583,https://github.com/sphinx-doc/sphinx/pull/12583,gold/patches/sphinx-doc__sphinx-12583.patch,3,5,2,3
stanfordnlp__dspy-779,stanfordnlp/dspy,discovery,37ee5dc8e7a628a92320a1b1944884f75563d659,e848b773cb5fda8420a33fca2194ab89d54599f5,1,https://github.com/stanfordnlp/dspy/commit/e848b773cb5fda8420a33fca2194ab89d54599f5,779,https://github.com/stanfordnlp/dspy/pull/779,gold/patches/stanfordnlp__dspy-779.patch,1,1,1,1
patroni__patroni-3072,patroni/patroni,held_out,0a6c09e252ecbee6f5184c1e1e13075527c1b3f0,165758b9738e5b84ac6c1eb83a11672655cb0a00,3,https://github.com/patroni/patroni/commit/aaf156c66d30884a9a2327742da592047fea125a https://github.com/patroni/patroni/commit/0c6c843e5df449da0d203e9c10567cdcc8f63d85 https://github.com/patroni/patroni/commit/165758b9738e5b84ac6c1eb83a11672655cb0a00,3072,https://github.com/patroni/patroni/pull/3072,gold/patches/patroni__patroni-3072.patch,2,21,8,2
aiogram__aiogram-1657,aiogram/aiogram,pilot,78748d36fd1fe9a71c3d42a7a88e0b63edd1c3d7,e89313fa9dd93aa26e027d8348806d355febe57b,3,https://github.com/aiogram/aiogram/commit/63980c21274461c39ab9d854024c68a96337183b https://github.com/aiogram/aiogram/commit/51701adb5532656f34a435cda1099b8c618a5d8c https://github.com/aiogram/aiogram/commit/e89313fa9dd93aa26e027d8348806d355febe57b,1657,https://github.com/aiogram/aiogram/pull/1657,gold/patches/aiogram__aiogram-1657.patch,2,86,1,2
sphinx-doc__sphinx-11904,sphinx-doc/sphinx,discovery,7041f11fb00d85ecc7ba8951beca6726868ad50e,3ac2b52be9246633abe8df316307090e7e426602,1,https://github.com/sphinx-doc/sphinx/commit/3ac2b52be9246633abe8df316307090e7e426602,11904,https://github.com/sphinx-doc/sphinx/pull/11904,gold/patches/sphinx-doc__sphinx-11904.patch,1,2,0,1
pytorch__torchtune-293,pytorch/torchtune,held_out,ae484c946c1c1f37982484908c55feb4322786ff,b2018725ad3bf596af58f098f01c8b73096b3cae,1,https://github.com/pytorch/torchtune/commit/b2018725ad3bf596af58f098f01c8b73096b3cae,293,https://github.com/pytorch/torchtune/pull/293,gold/patches/pytorch__torchtune-293.patch,2,4,4,1
deepset-ai__haystack-7362,deepset-ai/haystack,discovery,19d3f39e757ee3488b7e5f581aa970de432a3019,591e41a43e807534447fddaa9281e52134b5bdab,8,https://github.com/deepset-ai/haystack/commit/a6ca800a0fe10a19a1b34051c9379b761ce1d6e8 https://github.com/deepset-ai/haystack/commit/d6e9a43d5c39e21d9b0fe7dff949d18cae482148 https://github.com/deepset-ai/haystack/commit/dbd69d6cbaf19746d544a546732795bac59e75ff https://github.com/deepset-ai/haystack/commit/7d2406f3e9f12ffb90f29499b8a5299ac92ba4ac https://github.com/deepset-ai/haystack/commit/88c81072052b246f21a67ffb803cc0d9da8bf8d4 https://github.com/deepset-ai/haystack/commit/2b76ee03da4fa4c290846eeef6e14f8107ebb99b https://github.com/deepset-ai/haystack/commit/cd234f31d0222c38ebc6cd454697989235df92d8 https://github.com/deepset-ai/haystack/commit/591e41a43e807534447fddaa9281e52134b5bdab,7362,https://github.com/deepset-ai/haystack/pull/7362,gold/patches/deepset-ai__haystack-7362.patch,2,75,14,2
koxudaxi__datamodel-code-generator-2259,koxudaxi/datamodel-code-generator,discovery,0def44efc13ac98ecef691daf217a31f6c459812,459207fbef930be6cb9893c09c8e001a1b6be27b,4,https://github.com/koxudaxi/datamodel-code-generator/commit/2cbe12b0283c5776eb186073946ca84f25b5b3b2 https://github.com/koxudaxi/datamodel-code-generator/commit/9f870f757cef5c632fbbb3ef4a161ecb0e86ea55 https://github.com/koxudaxi/datamodel-code-generator/commit/4cf42259a8dd3ab731bb5dd34926c61f65a4d599 https://github.com/koxudaxi/datamodel-code-generator/commit/459207fbef930be6cb9893c09c8e001a1b6be27b,2259,https://github.com/koxudaxi/datamodel-code-generator/pull/2259,gold/patches/koxudaxi__datamodel-code-generator-2259.patch,1,15,3,1
reata__sqllineage-521,reata/sqllineage,discovery,0e825c25972c4d2bae0b9910aae90e4d4ebac213,3cf66c255dd21551eeb35a404d203c8059a7b3be,1,https://github.com/reata/sqllineage/commit/3cf66c255dd21551eeb35a404d203c8059a7b3be,521,https://github.com/reata/sqllineage/pull/521,gold/patches/reata__sqllineage-521.patch,3,28,4,1
icloud-photos-downloader__icloud_photos_downloader-1060,icloud-photos-downloader/icloud_photos_downloader,pilot,337ea77aefb5c1189681a2971c037caeeec43f51,b7ce1f7b336a3bb05960962507e9e52fa96ea2b9,1,https://github.com/icloud-photos-downloader/icloud_photos_downloader/commit/b7ce1f7b336a3bb05960962507e9e52fa96ea2b9,1060,https://github.com/icloud-photos-downloader/icloud_photos_downloader/pull/1060,gold/patches/icloud-photos-downloader__icloud_photos_downloader-1060.patch,1,1,1,1
shapely__shapely-2120,shapely/shapely,discovery,f1b98cf1241e5d31eff6deefa1419507221d0c2f,251414fcca1e763c9c6425beb3c7c5669a35f742,2,https://github.com/shapely/shapely/commit/5c1e5238e04cac014899b406938470f2e32db2e7 https://github.com/shapely/shapely/commit/251414fcca1e763c9c6425beb3c7c5669a35f742,2120,https://github.com/shapely/shapely/pull/2120,gold/patches/shapely__shapely-2120.patch,2,3,1,2
streamlink__streamlink-6338,streamlink/streamlink,discovery,fac5d8f740952485ce2c094e2826ed358fbe90fd,9e67601b88e3c696af1dc165b1674be6b34654ca,1,https://github.com/streamlink/streamlink/commit/9e67601b88e3c696af1dc165b1674be6b34654ca,6338,https://github.com/streamlink/streamlink/pull/6338,gold/patches/streamlink__streamlink-6338.patch,1,1,6,1
fonttools__fonttools-3509,fonttools/fonttools,discovery,969d09dcafd3669753e30060ccca7e5fd4c356cd,511024bdc9fa3734858daf129faa5421db9f1ebd,1,https://github.com/fonttools/fonttools/commit/511024bdc9fa3734858daf129faa5421db9f1ebd,3509,https://github.com/fonttools/fonttools/pull/3509,gold/patches/fonttools__fonttools-3509.patch,1,1,1,1
reata__sqllineage-565,reata/sqllineage,discovery,4c6c65e7c94b87b50f26ad7f35ac26ed26a54cee,9060655fb8271c508348c83d6fa3f617c243af92,1,https://github.com/reata/sqllineage/commit/9060655fb8271c508348c83d6fa3f617c243af92,565,https://github.com/reata/sqllineage/pull/565,gold/patches/reata__sqllineage-565.patch,2,11,17,1
qtile__qtile-5206,qtile/qtile,discovery,6bdc74f9be39d550c551b1b4268252f4d4a74ee2,53cf15668a8efe3fee247b14b475da5224c6f625,3,https://github.com/qtile/qtile/commit/41ea2ff05889ad77fceffce7c7a0163eac76b37a https://github.com/qtile/qtile/commit/3a09a15b370960ac99d50b9e7cf71976e118ad14 https://github.com/qtile/qtile/commit/53cf15668a8efe3fee247b14b475da5224c6f625,5206,https://github.com/qtile/qtile/pull/5206,gold/patches/qtile__qtile-5206.patch,5,14,8,2
python-babel__babel-1179,python-babel/babel,discovery,e9c3ef8d0de3080ca59f7f8dbabf9b52983adc7d,317583907eafed7ed0b110a733075073513469b2,5,https://github.com/python-babel/babel/commit/b0175f4835768b707846ddd65d5af71b78dbf2cb https://github.com/python-babel/babel/commit/d5f31af74d2a71a2b9403d67107169a29ef3c12c https://github.com/python-babel/babel/commit/0d67eb9392bab9b4d335f53296bbcc88b937109e https://github.com/python-babel/babel/commit/e1f31488e64bc8fce6944f6f7902948ad7e8e4e1 https://github.com/python-babel/babel/commit/317583907eafed7ed0b110a733075073513469b2,1179,https://github.com/python-babel/babel/pull/1179,gold/patches/python-babel__babel-1179.patch,1,26,23,1
matplotlib__matplotlib-27613,matplotlib/matplotlib,pilot,83aa3e41bf9d4de308e306521e0cb3f688952942,8ca4d7938aae134d8394f8eb26efa03f5cf691de,1,https://github.com/matplotlib/matplotlib/commit/8ca4d7938aae134d8394f8eb26efa03f5cf691de,27613,https://github.com/matplotlib/matplotlib/pull/27613,gold/patches/matplotlib__matplotlib-27613.patch,2,21,5,1
streamlink__streamlink-6433,streamlink/streamlink,discovery,5fadd7ee36edffa135774ab81731e083916fce84,52d993a2f53c13782250c54782f601dd94c688f3,1,https://github.com/streamlink/streamlink/commit/52d993a2f53c13782250c54782f601dd94c688f3,6433,https://github.com/streamlink/streamlink/pull/6433,gold/patches/streamlink__streamlink-6433.patch,1,32,9,1
aiogram__aiogram-1469,aiogram/aiogram,pilot,f1c9fc50f0a7e186bab4587b28d019a909a7e97f,609d65c3c248511f77ead5d6655cc22d869929bf,5,https://github.com/aiogram/aiogram/commit/8b64a6f28898dea43c42f7d1e7f4c324d34a9fa1 https://github.com/aiogram/aiogram/commit/618d4c2925c706810b7d0997f79d437a713bef93 https://github.com/aiogram/aiogram/commit/0e8d92636b57b96ce38bea8eb8a41819a275181d https://github.com/aiogram/aiogram/commit/0ec3e6560b0a00a1ca2785bf89ea38f50e39ccfb https://github.com/aiogram/aiogram/commit/609d65c3c248511f77ead5d6655cc22d869929bf,1469,https://github.com/aiogram/aiogram/pull/1469,gold/patches/aiogram__aiogram-1469.patch,2,12,2,2
urllib3__urllib3-3273,urllib3/urllib3,held_out,12f923325a1794bab26c82dbfef2c47d44f054f8,4da991b0f56458a79d159ac22b16f965df72225b,8,https://github.com/urllib3/urllib3/commit/da7e153ab52355d1caa1810e4231c93bff4c815a https://github.com/urllib3/urllib3/commit/95cffbc54bdf04b76b1075a2c1e785151f8a7fc9 https://github.com/urllib3/urllib3/commit/b2c25a96cc1228d46430382ea0385ed7fa5fe2dc https://github.com/urllib3/urllib3/commit/12ce2a76a927a4ed28760baea878e5f69eb91e4b https://github.com/urllib3/urllib3/commit/b16536a10ec9684d2bdf915a5d069db0be073c32 https://github.com/urllib3/urllib3/commit/d78d3185056b27906e36cf5da3663de1051fd51c https://github.com/urllib3/urllib3/commit/c3cdaed029e391181d601a8cb23abe13be283b7b https://github.com/urllib3/urllib3/commit/4da991b0f56458a79d159ac22b16f965df72225b,3273,https://github.com/urllib3/urllib3/pull/3273,gold/patches/urllib3__urllib3-3273.patch,3,17,3,2
pydata__xarray-9070,pydata/xarray,held_out,97a4a719623b5bf652c8fb5377c6fff3aa1a9cea,297571ba731ffee5c03dfa45d22f8ffe0d528142,22,https://github.com/pydata/xarray/commit/1371507ff41d016fc34c20299eb83659c83b72d5 https://github.com/pydata/xarray/commit/94d315e2ab551b366e21cdb50bbb7ed8e7b2efb3 https://github.com/pydata/xarray/commit/9b385666994ab0e002fc68b90568af433f3e9be4 https://github.com/pydata/xarray/commit/8202420cc9d66bb4894367e11ed536a63ec3c1c3 https://github.com/pydata/xarray/commit/42f0307f23e31a57ec1ab98d51c20bc90c587d2d https://github.com/pydata/xarray/commit/cdc4b3364c9a6b550953d184a772e8bdc7480e15 https://github.com/pydata/xarray/commit/8343ed5bfe640121b3c23c02c1dbba17f91910eb https://github.com/pydata/xarray/commit/8d4e5f882dc4a87db0fa1514969a6c5e065faaac https://github.com/pydata/xarray/commit/089e7547f33972b987ece4e6636af32f8dd7ed3b https://github.com/pydata/xarray/commit/1e772d03466c095148fc769f4c5236a967ee259d https://github.com/pydata/xarray/commit/12bf8c838f945306a702913460777dfd2fb262a8 https://github.com/pydata/xarray/commit/cf3e94f71eb8cdf72b535d7dfd22f0d52323faea https://github.com/pydata/xarray/commit/bb7e6e9ca10133c78050670dbc73ed7f32b765cc https://github.com/pydata/xarray/commit/08541d374afc050424516d53ebad000c7ff81d86 https://github.com/pydata/xarray/commit/7a9ac3651f86fd2d980066fe6bee1c2b7bdaa936 https://github.com/pydata/xarray/commit/a506c04a6c5c72c2f5d05fb169c0558243742e2b https://github.com/pydata/xarray/commit/3e3bfadae71eb6cd5ce7c6516850a28ca54386b0 https://github.com/pydata/xarray/commit/e336e905eedd1feaf123a5189d5c22a0d5487dbe https://github.com/pydata/xarray/commit/9684b6a11b3155e7406b7dac4d34c9663487631a https://github.com/pydata/xarray/commit/f23b4294848cba77fbbd086444f8c42543b682b8 https://github.com/pydata/xarray/commit/fcef2d44b7203a17fe2e361b36f74af985e4a774 https://github.com/pydata/xarray/commit/297571ba731ffee5c03dfa45d22f8ffe0d528142,9070,https://github.com/pydata/xarray/pull/9070,gold/patches/pydata__xarray-9070.patch,2,21,9,2
urllib3__urllib3-3402,urllib3/urllib3,held_out,bbb5fff3806a290c4bfe63a4a530c884d43bf46e,f63494abd40cec8e803d3e6201e455de5a3ae37f,15,https://github.com/urllib3/urllib3/commit/36535c506428754ddb172d1790523a8bf1dfeaa3 https://github.com/urllib3/urllib3/commit/e5d89cee919467b2af34a0bf9ba107be326fef34 https://github.com/urllib3/urllib3/commit/cbb168a434306e5340fd3c0eed9a2a573132befe https://github.com/urllib3/urllib3/commit/1041a85c7454effc4a3a336876fda633e2a558a4 https://github.com/urllib3/urllib3/commit/aec16a8aefb4eb9ed05b2cb16ea355296b535a37 https://github.com/urllib3/urllib3/commit/61da1a241f3c1045c2b5472b78bdfb1932338851 https://github.com/urllib3/urllib3/commit/7ac0345705db9e4698c14eb47f483b8c6a36f4a9 https://github.com/urllib3/urllib3/commit/17be48cded9233f45f3badf103f68c780ed15423 https://github.com/urllib3/urllib3/commit/8dcaabe76d78ab7fc195d2de023310a43960de76 https://github.com/urllib3/urllib3/commit/212a6c5c81ce0406849b8898c1d82a2f0d4c13b2 https://github.com/urllib3/urllib3/commit/ca3ec92208083ee837989d43c0beb3b5fa71c121 https://github.com/urllib3/urllib3/commit/f4cf28569c9a6af07804fbcd74c8eeff79a7e554 https://github.com/urllib3/urllib3/commit/3041741b4372f3287853017758eb92e7cf0517ec https://github.com/urllib3/urllib3/commit/f4248a9509d4605ec13f43489aa18fe17be5a896 https://github.com/urllib3/urllib3/commit/f63494abd40cec8e803d3e6201e455de5a3ae37f,3402,https://github.com/urllib3/urllib3/pull/3402,gold/patches/urllib3__urllib3-3402.patch,2,14,0,2
conan-io__conan-15575,conan-io/conan,held_out,32718f18e917edad561dd1058c1479894b0191f7,cc39de2028a056a07cf7d6a77a9cfdcef4892ba5,1,https://github.com/conan-io/conan/commit/cc39de2028a056a07cf7d6a77a9cfdcef4892ba5,15575,https://github.com/conan-io/conan/pull/15575,gold/patches/conan-io__conan-15575.patch,1,7,2,1
kozea__weasyprint-2425,Kozea/WeasyPrint,discovery,1a6f645e25685f267cbce6d23eebd920e5675dec,71ee7d8fade2556b013c86a0a51dedff7782dcab,3,https://github.com/Kozea/WeasyPrint/commit/05bcf7f4d8cdd37805966ff64b1480156cd7f00e https://github.com/Kozea/WeasyPrint/commit/e23c11cbfb19ae4736a39b233c3c525cbb9435fe https://github.com/Kozea/WeasyPrint/commit/71ee7d8fade2556b013c86a0a51dedff7782dcab,2425,https://github.com/Kozea/WeasyPrint/pull/2425,gold/patches/kozea__weasyprint-2425.patch,4,10,9,1
urllib3__urllib3-3326,urllib3/urllib3,held_out,8c8e26dab401121e9fccc8e8e8958609ccb045f5,75081e20a360e3066a1c4dd74d2db9949d4b6b90,3,https://github.com/urllib3/urllib3/commit/6eed72b506da081dbadbf4f939cab233e3cb715b https://github.com/urllib3/urllib3/commit/a73ee3134fc81306201d1642bd904d90a537fbf9 https://github.com/urllib3/urllib3/commit/75081e20a360e3066a1c4dd74d2db9949d4b6b90,3326,https://github.com/urllib3/urllib3/pull/3326,gold/patches/urllib3__urllib3-3326.patch,2,4,8,2
aws-cloudformation__cfn-lint-3400,aws-cloudformation/cfn-lint,discovery,ed39a193ba383ea966b4b8bda000d4828d0be7aa,7251f4eaad529300547ffbb1a8f225583d9edd5f,3,https://github.com/aws-cloudformation/cfn-lint/commit/de3236ca34a935e24969cc5aec21d95bfd12a917 https://github.com/aws-cloudformation/cfn-lint/commit/ff989c5628b41615335633ba8c3abeacdb0539d2 https://github.com/aws-cloudformation/cfn-lint/commit/7251f4eaad529300547ffbb1a8f225583d9edd5f,3400,https://github.com/aws-cloudformation/cfn-lint/pull/3400,gold/patches/aws-cloudformation__cfn-lint-3400.patch,2,28,23,1
pypsa__pypsa-1091,PyPSA/PyPSA,discovery,c36338c171cef52cdce7cd445795ee362435f6ea,df9420371ea5428f12769a0aaf4a9203e63c79f1,7,https://github.com/PyPSA/PyPSA/commit/58c12c30c75f8936b8dc3405825917baeb30d754 https://github.com/PyPSA/PyPSA/commit/ea229f65633c8fd20b052c61f7e62717b7a06f14 https://github.com/PyPSA/PyPSA/commit/e4cd41621aeb53c5511936351b5183733f6e62b2 https://github.com/PyPSA/PyPSA/commit/a8537a39960720a8afe4bc51a86426759b5cbb91 https://github.com/PyPSA/PyPSA/commit/edda71c05d6b88b0b44a7ea8724ff672046a4bf1 https://github.com/PyPSA/PyPSA/commit/9abecd6b987b09cf7e5adf900764a19e44c91492 https://github.com/PyPSA/PyPSA/commit/df9420371ea5428f12769a0aaf4a9203e63c79f1,1091,https://github.com/PyPSA/PyPSA/pull/1091,gold/patches/pypsa__pypsa-1091.patch,8,72,45,3
keras-team__keras-19459,keras-team/keras,held_out,68e0368c680decbc7c9e1da57b56b3a8212b3ec2,57625f2d2b5aaff7c7cbd95a13ea0c4ac5a670e6,1,https://github.com/keras-team/keras/commit/57625f2d2b5aaff7c7cbd95a13ea0c4ac5a670e6,19459,https://github.com/keras-team/keras/pull/19459,gold/patches/keras-team__keras-19459.patch,5,49,20,1
python-attrs__attrs-1401,python-attrs/attrs,held_out,75723b7720952ac0a4c7d3e277b6714ba55ded18,63ab6c3bc98c636c994a1472bfa4bf18b520e001,6,https://github.com/python-attrs/attrs/commit/585e0459d8f967556839b922e81a7c501271cc22 https://github.com/python-attrs/attrs/commit/605af655195140332334efea4d7cbe436716c3b2 https://github.com/python-attrs/attrs/commit/eb0cce749084c48cc7491aee0a1630780fe355e6 https://github.com/python-attrs/attrs/commit/61e67203e5b3cefc8c5f218fdf05502547d834cd https://github.com/python-attrs/attrs/commit/63ecc3abb7a84907e50777bb1cc3540ecb140e0e https://github.com/python-attrs/attrs/commit/63ab6c3bc98c636c994a1472bfa4bf18b520e001,1401,https://github.com/python-attrs/attrs/pull/1401,gold/patches/python-attrs__attrs-1401.patch,2,5,3,2
kedro-org__kedro-4580,kedro-org/kedro,discovery,769629fb23c19a7629ee8b1ae97940665d6d57bf,550e29334ff356c8463dc1e4e3361fd8051d71bc,26,https://github.com/kedro-org/kedro/commit/b4082b068006df0a2e39cc0a671e016f03ec63bd https://github.com/kedro-org/kedro/commit/36965df8c6ad30dc2139bb17a51c5e20a8a4d7aa https://github.com/kedro-org/kedro/commit/11e50292830aa18813409e9f13b7707725a3b5e0 https://github.com/kedro-org/kedro/commit/6a601deff6e16a5f9c0d1637c7dea098c17df1e4 https://github.com/kedro-org/kedro/commit/ceeb2108d2cefab7c9a702a61fcd83611f4a8dc6 https://github.com/kedro-org/kedro/commit/a611e00353b566fd0df8ca6d6a771dd02383c4b2 https://github.com/kedro-org/kedro/commit/6e954d5540a7b672ad3883c44e57753e869511d6 https://github.com/kedro-org/kedro/commit/ea1183b1d6ba90517ee3a95357dab571bf825d04 https://github.com/kedro-org/kedro/commit/938aab991254ed49dd82a144b3f96d6dfe7fee40 https://github.com/kedro-org/kedro/commit/f966354a31c86a50fc76f8d0a6e691d155d787d4 https://github.com/kedro-org/kedro/commit/7dc0c1118529a70964694bc13afc168f22d1ef0b https://github.com/kedro-org/kedro/commit/be505b0a0307a3dfdc3919f5c549a831dae87255 https://github.com/kedro-org/kedro/commit/b9e807cecf6e1115e7360e090fc3fbd2fb19bec0 https://github.com/kedro-org/kedro/commit/9b00d5b700628d044b5133cb990a4691ba693976 https://github.com/kedro-org/kedro/commit/1f7a80091a4041d4faa388c62490876c67b9929c https://github.com/kedro-org/kedro/commit/dcaca5dfaad7fdff0f692c0202f6e7f942c6b091 https://github.com/kedro-org/kedro/commit/7fd2b92c461278a69d7b60bfc37442460a040168 https://github.com/kedro-org/kedro/commit/09cab228315d939ebd8ff20be6cbb9eeab82ee49 https://github.com/kedro-org/kedro/commit/c9082e13dae98ca31b6854ce7a8d2eb83d6d72bf https://github.com/kedro-org/kedro/commit/80be05c111c7d4597bac07927e6b988efc4ae16a https://github.com/kedro-org/kedro/commit/1bab65cdeaac4d6389c7fe63566c4ad87c35d3be https://github.com/kedro-org/kedro/commit/5aa7e7477d5f2e639bb1dbd3a6d2014a37250177 https://github.com/kedro-org/kedro/commit/9507cec647b232a01281710768f3b7cdd5c26771 https://github.com/kedro-org/kedro/commit/1448c6577cf630a59b26c95ebb99ea8988c227b3 https://github.com/kedro-org/kedro/commit/46bb5ff2face6883f175ee24b696dd03ae420364 https://github.com/kedro-org/kedro/commit/550e29334ff356c8463dc1e4e3361fd8051d71bc,4580,https://github.com/kedro-org/kedro/pull/4580,gold/patches/kedro-org__kedro-4580.patch,3,50,18,3
urllib3__urllib3-3527,urllib3/urllib3,held_out,e94224931feddf9e12bb25452bf0d0c21da8a7e0,5c0e80c5fc04b6930251da757cbc1d9c1a6af12b,16,https://github.com/urllib3/urllib3/commit/eacbe6e708ad3232828cbc9a91ffa6a36232fbfd https://github.com/urllib3/urllib3/commit/b51fb3c9b46ccfc9a09d4543ce95c59d33197525 https://github.com/urllib3/urllib3/commit/c6f379523353021a6deb9082f50a16d8cbb68e4c https://github.com/urllib3/urllib3/commit/7a029823a9cba6b019a080037004956a67e2a952 https://github.com/urllib3/urllib3/commit/f6d51ec05b89d66201d83719091fe1d750030a3f https://github.com/urllib3/urllib3/commit/3e1eb9b4aa0b6ac5f0ae75abbaaa229793632158 https://github.com/urllib3/urllib3/commit/2116c6f64fb9a695f3e915a7fca2550f9091aca5 https://github.com/urllib3/urllib3/commit/bc4e7fa51a1ba354af67dbc4783fa7c49b8a2677 https://github.com/urllib3/urllib3/commit/0bdf2ec6805f6fd0f014bcaab909528f6c5e4b86 https://github.com/urllib3/urllib3/commit/8cc73cd29dd2660fad28f5a1916a952886c4f413 https://github.com/urllib3/urllib3/commit/441cb2c485c71c5c09cd89e76b848964941ca8e7 https://github.com/urllib3/urllib3/commit/f6eab0b67e7c3ccc7250e2a22014922596c11f23 https://github.com/urllib3/urllib3/commit/2f3adda856f862677bf9691550743ed26fc94825 https://github.com/urllib3/urllib3/commit/37a3f18e448202c6c661f1f49b8e26d258132ad6 https://github.com/urllib3/urllib3/commit/4fdba8c20fd95557bda983958d5286adb77a206c https://github.com/urllib3/urllib3/commit/5c0e80c5fc04b6930251da757cbc1d9c1a6af12b,3527,https://github.com/urllib3/urllib3/pull/3527,gold/patches/urllib3__urllib3-3527.patch,4,25,3,2
sissbruecker__linkding-804,sissbruecker/linkding,discovery,36a84276a20d418105ee973b5960ea79f7635018,b03802a61446f9407609b4253dc4ec7012882146,3,https://github.com/sissbruecker/linkding/commit/867105a30cc68f69478d0803757f7e3667315ee0 https://github.com/sissbruecker/linkding/commit/51a34152d3f2e3c32f18b64f19fea0d0fc078804 https://github.com/sissbruecker/linkding/commit/b03802a61446f9407609b4253dc4ec7012882146,804,https://github.com/sissbruecker/linkding/pull/804,gold/patches/sissbruecker__linkding-804.patch,5,30,102,1
deepset-ai__haystack-6857,deepset-ai/haystack,discovery,9af6c7e442580c1df4763e6170ed36918d16eddd,3f52238c34333b36387f0de52fe039b13df2f307,7,https://github.com/deepset-ai/haystack/commit/e8a2280119ee53f21930c50974810283802e594c https://github.com/deepset-ai/haystack/commit/b226b8a56bcacde91ff15c73efeaefaee668991e https://github.com/deepset-ai/haystack/commit/5ec2ac2f42b98822b1998050bb4ce10c633e83ab https://github.com/deepset-ai/haystack/commit/58cb60f7173fbb93a220dc2640ae3f25910ab1ae https://github.com/deepset-ai/haystack/commit/7c0a54c1e9c9a44f19954baf2411995f3423e3ff https://github.com/deepset-ai/haystack/commit/784dce6cb1165aa3690078fab5416b2ed0193340 https://github.com/deepset-ai/haystack/commit/3f52238c34333b36387f0de52fe039b13df2f307,6857,https://github.com/deepset-ai/haystack/pull/6857,gold/patches/deepset-ai__haystack-6857.patch,1,18,5,1
python-babel__babel-1075,python-babel/babel,discovery,1a03526e2dda9818424c400530163464a2e74b9b,4fa426397fd9fe29f3ad70d2fad386750a106fd4,1,https://github.com/python-babel/babel/commit/4fa426397fd9fe29f3ad70d2fad386750a106fd4,1075,https://github.com/python-babel/babel/pull/1075,gold/patches/python-babel__babel-1075.patch,1,10,2,1
pytorch__torchtune-2110,pytorch/torchtune,held_out,e9b9ea568e169aea13ae2d03c0eb92ee241f47a1,b94678dac4a5193d629c5c8914519a06308854b5,2,https://github.com/pytorch/torchtune/commit/0e7d5fb507d803860a9b228d8601ee4cc48ca68d https://github.com/pytorch/torchtune/commit/b94678dac4a5193d629c5c8914519a06308854b5,2110,https://github.com/pytorch/torchtune/pull/2110,gold/patches/pytorch__torchtune-2110.patch,1,14,0,1
kedro-org__kedro-3859,kedro-org/kedro,discovery,360cd12f3580764d8258daa22e485060f075d139,6c1f666e54437834f1c2b3e45f2c761637b9f2f5,9,https://github.com/kedro-org/kedro/commit/adbcd3f820a148b9d00fdd3e1ff88a6cc7a1d331 https://github.com/kedro-org/kedro/commit/4e4b7e0ecb551866eb6c85ca65e705bf0fffe2c8 https://github.com/kedro-org/kedro/commit/38f45c20ca1e9e863221fb2efb848886b9550cd6 https://github.com/kedro-org/kedro/commit/16bd4df0957314fd0ec2c79c263c6cbe248a1331 https://github.com/kedro-org/kedro/commit/d2191cd22efe33d67256afeaa4e78dda0ac0d590 https://github.com/kedro-org/kedro/commit/62c57a7fc46392003c2e424f9c889efaf06e961c https://github.com/kedro-org/kedro/commit/1a618780d8892fd298142a0e3ff1008d1bc5e146 https://github.com/kedro-org/kedro/commit/e2438e43145a4e1cada155bcf9cdb5aa27aa9f83 https://github.com/kedro-org/kedro/commit/6c1f666e54437834f1c2b3e45f2c761637b9f2f5,3859,https://github.com/kedro-org/kedro/pull/3859,gold/patches/kedro-org__kedro-3859.patch,4,47,18,3
pdm-project__pdm-2539,pdm-project/pdm,discovery,ca74c76dca41a456280df8d05903c36736bc762f,c8714b6eaee59669b17fd50bc8cecd1152e0a594,6,https://github.com/pdm-project/pdm/commit/b32803f321011e32f3f1c54f081dc4bfb454cae9 https://github.com/pdm-project/pdm/commit/1b3f9e203c1bfc02aa5d2f7d713a081b1b0f35b8 https://github.com/pdm-project/pdm/commit/c7f5efb4ea39958a103d1a46487fa3526743a429 https://github.com/pdm-project/pdm/commit/c2bb41ac5182c3bb224a88591bde65a9ef27c5a1 https://github.com/pdm-project/pdm/commit/c5a7d19858b2a2cd2cb1f2bb1dbe6501629de652 https://github.com/pdm-project/pdm/commit/c8714b6eaee59669b17fd50bc8cecd1152e0a594,2539,https://github.com/pdm-project/pdm/pull/2539,gold/patches/pdm-project__pdm-2539.patch,2,10,1,2
stanfordnlp__dspy-1609,stanfordnlp/dspy,discovery,16ceaba5f7126ca86e5b50b669975c926b9f8f55,8664e0d0908b0f83854daca1932ab1ae16db6182,15,https://github.com/stanfordnlp/dspy/commit/1cf8daa6f3dad73e860ca16dfb64589040a8c880 https://github.com/stanfordnlp/dspy/commit/8a8f80026845682c54192d844bea360d59ea48a8 https://github.com/stanfordnlp/dspy/commit/b5ebfa56c1f543a504dade8f2bcf3381e894e30b https://github.com/stanfordnlp/dspy/commit/d2c20e62cb38911cbce90883108f4557df3bf9b2 https://github.com/stanfordnlp/dspy/commit/3231a8d6ff5881ccabe1fe97c2ab93bc0e3b05a4 https://github.com/stanfordnlp/dspy/commit/cdd4cbc61536b2d68aeb1df8f71b51bf4f8e65d3 https://github.com/stanfordnlp/dspy/commit/ad4865dca1c292da92bf88066700c24b05571c5e https://github.com/stanfordnlp/dspy/commit/bf59060650912d2f57207dc69bbb27f37f2f14ad https://github.com/stanfordnlp/dspy/commit/79795f9fad81f83f602965839852ac3e838d12cd https://github.com/stanfordnlp/dspy/commit/3c5d6dcff15dfd7614c1d03fa5888c69e3eaee3c https://github.com/stanfordnlp/dspy/commit/48f7ad82891e19b4c3bfc4bec754906f5244cfc2 https://github.com/stanfordnlp/dspy/commit/1ff426bb87a9df606867582711dc86128f7ffeb3 https://github.com/stanfordnlp/dspy/commit/86307ff9c639b01e856faf2d2d5e632cad11ce3e https://github.com/stanfordnlp/dspy/commit/782b32a476130a5b30c296e0058785836fc117fe https://github.com/stanfordnlp/dspy/commit/8664e0d0908b0f83854daca1932ab1ae16db6182,1609,https://github.com/stanfordnlp/dspy/pull/1609,gold/patches/stanfordnlp__dspy-1609.patch,4,162,42,1
koxudaxi__datamodel-code-generator-2260,koxudaxi/datamodel-code-generator,discovery,0def44efc13ac98ecef691daf217a31f6c459812,e558c78e935b8c70f6230eddf9fadc0fed8c47ea,1,https://github.com/koxudaxi/datamodel-code-generator/commit/e558c78e935b8c70f6230eddf9fadc0fed8c47ea,2260,https://github.com/koxudaxi/datamodel-code-generator/pull/2260,gold/patches/koxudaxi__datamodel-code-generator-2260.patch,1,11,9,1
python-attrs__attrs-1372,python-attrs/attrs,held_out,ee0f19b696c60064c58cdc08b3265aef56d49ff8,d2ade0de594b5cd246c2a97b479b06894ae48fd6,6,https://github.com/python-attrs/attrs/commit/9b228927e75c453ab5a862bc2431c2c324b8e838 https://github.com/python-attrs/attrs/commit/cc8e100ab0a35aecb85838349643de84ac2e466b https://github.com/python-attrs/attrs/commit/4a0da063718ab65dc8bc69c219aa5c46d0956ba9 https://github.com/python-attrs/attrs/commit/9450c7777bbf7d32759522ec39c4213269e93281 https://github.com/python-attrs/attrs/commit/60af5412c5dc1e328bd7472a291b8ca632d27a89 https://github.com/python-attrs/attrs/commit/d2ade0de594b5cd246c2a97b479b06894ae48fd6,1372,https://github.com/python-attrs/attrs/pull/1372,gold/patches/python-attrs__attrs-1372.patch,2,18,5,2
python-control__python-control-1017,python-control/python-control,discovery,4acc78b8aec4f145e7e72c931accfa7e12e5cd4d,584f39d8882fce70ed203acdb2800800b80148c7,5,https://github.com/python-control/python-control/commit/2e872f8da254a839e3e5488770cb040f9da76b44 https://github.com/python-control/python-control/commit/421131ceb316a0d8c838e187714de7c88976c0aa https://github.com/python-control/python-control/commit/1964a866c5ab97c6c5b02885346e9a569783d6a1 https://github.com/python-control/python-control/commit/9a78e33a65ff43b59694dd269b90bd025317806a https://github.com/python-control/python-control/commit/584f39d8882fce70ed203acdb2800800b80148c7,1017,https://github.com/python-control/python-control/pull/1017,gold/patches/python-control__python-control-1017.patch,1,38,24,1
keras-team__keras-19300,keras-team/keras,held_out,df705d4fc719ab617705197248804d689ad74767,286a89b5cc01a708182e31ebbf98c57299ea068a,1,https://github.com/keras-team/keras/commit/286a89b5cc01a708182e31ebbf98c57299ea068a,19300,https://github.com/keras-team/keras/pull/19300,gold/patches/keras-team__keras-19300.patch,1,5,2,1
streamlink__streamlink-6242,streamlink/streamlink,discovery,23a98cc5c543fd2456a189d794ff135008e50bf6,c79693cdae1e9ed05da6d1a432d0b8e015c85393,1,https://github.com/streamlink/streamlink/commit/c79693cdae1e9ed05da6d1a432d0b8e015c85393,6242,https://github.com/streamlink/streamlink/pull/6242,gold/patches/streamlink__streamlink-6242.patch,1,3,2,1
jupyterlab__jupyter-ai-592,jupyterlab/jupyter-ai,discovery,6de20475d3f58e83903899b7d1a26cc317449556,255c4df504c9a884a9b6cbb3564f5f67efefc5d3,1,https://github.com/jupyterlab/jupyter-ai/commit/255c4df504c9a884a9b6cbb3564f5f67efefc5d3,592,https://github.com/jupyterlab/jupyter-ai/pull/592,gold/patches/jupyterlab__jupyter-ai-592.patch,2,4,8,1
sissbruecker__linkding-989,sissbruecker/linkding,discovery,78608135d9dd2d14a569253c80c5a959cf32bff7,fe0ec726249cec254f2947e5deb0f7db4f01b02b,1,https://github.com/sissbruecker/linkding/commit/fe0ec726249cec254f2947e5deb0f7db4f01b02b,989,https://github.com/sissbruecker/linkding/pull/989,gold/patches/sissbruecker__linkding-989.patch,1,13,0,1
instructlab__instructlab-612,instructlab/instructlab,discovery,be859d54cb1470c9e2a55589ebb99e90329bc444,fb70ef5177463c5b59ba7d959fb8bb42366df5a7,1,https://github.com/instructlab/instructlab/commit/fb70ef5177463c5b59ba7d959fb8bb42366df5a7,612,https://github.com/instructlab/instructlab/pull/612,gold/patches/instructlab__instructlab-612.patch,1,2,2,1
shapely__shapely-2074,shapely/shapely,discovery,bada70fbe79f61ea98dc735d630d61a082cd7474,4cf38a39ae17a9ac94475b10fe395b615006f485,1,https://github.com/shapely/shapely/commit/4cf38a39ae17a9ac94475b10fe395b615006f485,2074,https://github.com/shapely/shapely/pull/2074,gold/patches/shapely__shapely-2074.patch,1,4,4,1
geopandas__geopandas-3438,geopandas/geopandas,pilot,2276f624cf0ab85a43df17fb3f21058ca08d1123,e23401f98c013efd58627ebb38312c3c84e13ca0,4,https://github.com/geopandas/geopandas/commit/54d0733ae5dc775720816b6cb58cfd01f1572635 https://github.com/geopandas/geopandas/commit/613503873982d4d9504fecb62518d27281d5aa82 https://github.com/geopandas/geopandas/commit/684d90ef9fec253c9bfdbe41d46041e85352c2cd https://github.com/geopandas/geopandas/commit/e23401f98c013efd58627ebb38312c3c84e13ca0,3438,https://github.com/geopandas/geopandas/pull/3438,gold/patches/geopandas__geopandas-3438.patch,2,16,21,2
reflex-dev__reflex-2936,reflex-dev/reflex,held_out,012151132e612475fc1a1298fc8aea5fbb6264fe,d95fe961f38f8c3c4285a88d78c6e3f0c3679c25,2,https://github.com/reflex-dev/reflex/commit/414815defa3b49319ae23c17f486ed5e7e8bcbfc https://github.com/reflex-dev/reflex/commit/d95fe961f38f8c3c4285a88d78c6e3f0c3679c25,2936,https://github.com/reflex-dev/reflex/pull/2936,gold/patches/reflex-dev__reflex-2936.patch,2,26,682,1
beeware__briefcase-1823,beeware/briefcase,held_out,6a562dbc931c2b764d797b83e60a10aea07d0290,da0d877c1f23e9be8ef498e1ab01d7ec14ddf7b3,6,https://github.com/beeware/briefcase/commit/8216277c1f49fc3732c6839b7751e8439168fa99 https://github.com/beeware/briefcase/commit/c7f18df52852c3c8c64156ec78e9097374104b6c https://github.com/beeware/briefcase/commit/ec4aeca47fc10ba39a61d15495c098a87c32af24 https://github.com/beeware/briefcase/commit/1cd3bd4480f4b8e764254d5f53f8e15d4ba1b639 https://github.com/beeware/briefcase/commit/a68360121bb51b42ccbf1b425915dc9da721a3a6 https://github.com/beeware/briefcase/commit/da0d877c1f23e9be8ef498e1ab01d7ec14ddf7b3,1823,https://github.com/beeware/briefcase/pull/1823,gold/patches/beeware__briefcase-1823.patch,2,2,1,2
reflex-dev__reflex-2391,reflex-dev/reflex,held_out,27ed574b63fdaf9a0c118c924d4875569758f0de,14a46d791f725926e760717f31fca62d49892f4a,1,https://github.com/reflex-dev/reflex/commit/14a46d791f725926e760717f31fca62d49892f4a,2391,https://github.com/reflex-dev/reflex/pull/2391,gold/patches/reflex-dev__reflex-2391.patch,2,10,4,1
aws-cloudformation__cfn-lint-3342,aws-cloudformation/cfn-lint,discovery,d0aae9bd6e3615e8d1023ca3c5c5aca1992d8a87,c2f4bc655686f52f3253faf245a74b38d9563764,3,https://github.com/aws-cloudformation/cfn-lint/commit/ff7d1d48b73ec83e5ba6d40885c5b08228acc039 https://github.com/aws-cloudformation/cfn-lint/commit/df3f6ac7f8ac658ecf3e73ccd8d5d6fbb66b6ec5 https://github.com/aws-cloudformation/cfn-lint/commit/c2f4bc655686f52f3253faf245a74b38d9563764,3342,https://github.com/aws-cloudformation/cfn-lint/pull/3342,gold/patches/aws-cloudformation__cfn-lint-3342.patch,1,7,2,1
aws-cloudformation__cfn-lint-3390,aws-cloudformation/cfn-lint,discovery,3d9be79618e80095826882637f13ecf96af88639,1dd51b5f05db427262b670dfb8cc7ca1942fdb59,2,https://github.com/aws-cloudformation/cfn-lint/commit/794d4b29b5be2bcb79c589a19b41beb24e873efb https://github.com/aws-cloudformation/cfn-lint/commit/1dd51b5f05db427262b670dfb8cc7ca1942fdb59,3390,https://github.com/aws-cloudformation/cfn-lint/pull/3390,gold/patches/aws-cloudformation__cfn-lint-3390.patch,2,39,11,1
python-control__python-control-1065,python-control/python-control,discovery,d810d5aac00cf9a4215f601247d08f6f7904bcfe,b1a7d7ce08dd2e4b7c942659db7910ef16b6ee12,1,https://github.com/python-control/python-control/commit/b1a7d7ce08dd2e4b7c942659db7910ef16b6ee12,1065,https://github.com/python-control/python-control/pull/1065,gold/patches/python-control__python-control-1065.patch,2,10,9,1
reata__sqllineage-661,reata/sqllineage,discovery,b5b5e10df55f0d153053f5e6fcb419dac89cd42d,ed6ce8994737052628e3947b79758d7390b73c9c,5,https://github.com/reata/sqllineage/commit/e4c474b7f1020696a04ea8051bb16b8db0b79ee8 https://github.com/reata/sqllineage/commit/7d13a5cf4b00da685eb4ab75b2f207ce69cb13e1 https://github.com/reata/sqllineage/commit/658d4cbe4595a538d8302354011b4afd2eb61712 https://github.com/reata/sqllineage/commit/1033c509150c2ca7249f9c06c31571b35a8b582d https://github.com/reata/sqllineage/commit/ed6ce8994737052628e3947b79758d7390b73c9c,661,https://github.com/reata/sqllineage/pull/661,gold/patches/reata__sqllineage-661.patch,1,12,0,1
mikedh__trimesh-2238,mikedh/trimesh,held_out,136f67ce862c4dbe5955501978687b1d736de02c,1bce153c261ed485eb788bd6dce3c7fbe81ea8fd,39,https://github.com/mikedh/trimesh/commit/8eccab657fe63cdc0c3b2e42a6dbd28d27dd0e4c https://github.com/mikedh/trimesh/commit/2bf754888f2a4f152c231f340bd791db5e97b7c8 https://github.com/mikedh/trimesh/commit/00de5ed6ae8ab00e27db720f363a7be04f23bc5e https://github.com/mikedh/trimesh/commit/9a4cf3af3d04da79f3c76493b9401c5d4e3d2157 https://github.com/mikedh/trimesh/commit/f8448b7099b8c96477868c95848f871d2974468b https://github.com/mikedh/trimesh/commit/0698b339f70205fca65e44faa9840ee413d118b0 https://github.com/mikedh/trimesh/commit/1c2c1e896dc39f041a3e7e9ccc21174f1f30cbf2 https://github.com/mikedh/trimesh/commit/1e6c60b14de4689fb1cf5cb4d4021752bb4ef5ef https://github.com/mikedh/trimesh/commit/b5b3aba6638fb85cc030658e2a643b75231f7d1f https://github.com/mikedh/trimesh/commit/580338120466525a2c10093d1174a41d15db8501 https://github.com/mikedh/trimesh/commit/9de695660c917f9f03ae8d0886960f6cb655fdf0 https://github.com/mikedh/trimesh/commit/e0372673de91110af8219c39595d9128ad2dc725 https://github.com/mikedh/trimesh/commit/be3517e29e737697d0aafdff82c44e7e4e2e62ca https://github.com/mikedh/trimesh/commit/9d49c6599dff384fa4a6bb35e0f174664dbfa518 https://github.com/mikedh/trimesh/commit/1cca9f473783d320092fb9a6fae945173562fcc2 https://github.com/mikedh/trimesh/commit/bb56173bfb081fd30aed9c7eaadbb81f360caaf4 https://github.com/mikedh/trimesh/commit/7461a6f2531e0fd347ff762291feaf98983c97e1 https://github.com/mikedh/trimesh/commit/876aab1a0f978789183118690c3c136d643a5ca4 https://github.com/mikedh/trimesh/commit/4f1e3c4ec4dfaecd4d96222c09bb17000123d594 https://github.com/mikedh/trimesh/commit/e04f95eb543605b53caeff38198533b6549ff144 https://github.com/mikedh/trimesh/commit/f1ab7d4c67fe27ab66f11b2bcc0e45b71163f8e7 https://github.com/mikedh/trimesh/commit/3c63e364fb64dee09541f116d5e3fc80df9b93fb https://github.com/mikedh/trimesh/commit/9587ba57636f44ff82deb520974dcfbe633864eb https://github.com/mikedh/trimesh/commit/1a4670ae97f6d4f35404603e40d9a9c6dadde350 https://github.com/mikedh/trimesh/commit/eaebcb631f8c17f177a41fa9c161f52b701ca925 https://github.com/mikedh/trimesh/commit/e63a5a2522f13b6afe57338b37e539ab4d5cd166 https://github.com/mikedh/trimesh/commit/767b991a94404637a1ebbba93f75918206a1dc78 https://github.com/mikedh/trimesh/commit/aa31fccff0899fd876116bbb64f4a613fa40062b https://github.com/mikedh/trimesh/commit/d4fe4d638f2e457fac51864a70a0a706a8f64f63 https://github.com/mikedh/trimesh/commit/09c8f20ea52092b8f471126df2f08818bc613bca https://github.com/mikedh/trimesh/commit/70710c2dad5a287cbff5fdf6991367142e3d884e https://github.com/mikedh/trimesh/commit/f5d1863efc4a94336ad73d0b5a78cccb7c2e3ff2 https://github.com/mikedh/trimesh/commit/2e275a8abe4675f243613f7cf8cd552460c2c84c https://github.com/mikedh/trimesh/commit/c0c23608d710664733ca6c0335aec5b2a437bd5e https://github.com/mikedh/trimesh/commit/a3d4941ea0e23603c435e19850c2a44fc08d11f8 https://github.com/mikedh/trimesh/commit/04158a184569d17317a79647e24cc05030763ca8 https://github.com/mikedh/trimesh/commit/ad6d9ee2374a35ae9d2b4923007e229e3141bcd9 https://github.com/mikedh/trimesh/commit/d8847be10031c135883d6d666fb279c723ed5c2f https://github.com/mikedh/trimesh/commit/1bce153c261ed485eb788bd6dce3c7fbe81ea8fd,2238,https://github.com/mikedh/trimesh/pull/2238,gold/patches/mikedh__trimesh-2238.patch,26,340,231,4
encode__starlette-2812,encode/starlette,pilot,f13d354e18141cea9041ffad603d98197d880a73,54028a1446f068742823665802375b6474a50e04,8,https://github.com/encode/starlette/commit/c7f1629e0782dca93dbb0af04f7da72dd7ef0035 https://github.com/encode/starlette/commit/7ef64c9a62e540809b54681215ea35332f8f7fd7 https://github.com/encode/starlette/commit/ebe0a951555cbf025214fb0c431b8b854e368ca2 https://github.com/encode/starlette/commit/b4caa4e5ef3ebd71ad034d29ab82875b9a6786ea https://github.com/encode/starlette/commit/a48bcda0af1ce0b7683f1b33ddb61340de1c2e69 https://github.com/encode/starlette/commit/069ad2e1ed9cb1800850f981d161534cd5ea140f https://github.com/encode/starlette/commit/558b389fc962cc9789c682ecdb7f21ce84a75ea7 https://github.com/encode/starlette/commit/54028a1446f068742823665802375b6474a50e04,2812,https://github.com/encode/starlette/pull/2812,gold/patches/encode__starlette-2812.patch,2,12,11,1
jupyterlab__jupyter-ai-1022,jupyterlab/jupyter-ai,discovery,bf52423a81254009e9be6ca1b89a3f4c6e49ed49,5acb7e7a6bae83b4d660e0c7af80b589fd234546,12,https://github.com/jupyterlab/jupyter-ai/commit/9126f3db3aeac1b423834c1756ff97874c1cfa3c https://github.com/jupyterlab/jupyter-ai/commit/e8a11915c8ff8de0114a73276946944eaa86b554 https://github.com/jupyterlab/jupyter-ai/commit/0a8320b99b7ae6cb08ee5f40264723b1d7d71f99 https://github.com/jupyterlab/jupyter-ai/commit/90092e6e80cc03a1e7a81554d54cfe9b2b12e0de https://github.com/jupyterlab/jupyter-ai/commit/c90091cd2dc43e21c7d8832d9a134b308efd23e4 https://github.com/jupyterlab/jupyter-ai/commit/45feea30d27397c8ea337fafe233a2ad785aeca0 https://github.com/jupyterlab/jupyter-ai/commit/c0cbf61efd60f2a8beab992670d561662b82a703 https://github.com/jupyterlab/jupyter-ai/commit/924a2603881012272049a51a8ede64a840f2643a https://github.com/jupyterlab/jupyter-ai/commit/08a07d213b622b2174cfff1eb50255271a2d129f https://github.com/jupyterlab/jupyter-ai/commit/f7a031c20087b52ed7eff39b377b66bf3e4ddea7 https://github.com/jupyterlab/jupyter-ai/commit/56e3d33984a3385555aee7cbde030f2a4dbe9711 https://github.com/jupyterlab/jupyter-ai/commit/5acb7e7a6bae83b4d660e0c7af80b589fd234546,1022,https://github.com/jupyterlab/jupyter-ai/pull/1022,gold/patches/jupyterlab__jupyter-ai-1022.patch,12,293,80,1
mikedh__trimesh-2126,mikedh/trimesh,held_out,80a6c1f3300f360b318acfde1fdd1bb2e49942d4,b69411f70876b0f3abd17c8a5ae0638ab7d151f2,20,https://github.com/mikedh/trimesh/commit/c1abe4507bd6766439f432b5a681de7acdad4e5d https://github.com/mikedh/trimesh/commit/81ee468fde64fd33a3f1ecb657515950e42f66c5 https://github.com/mikedh/trimesh/commit/f1eb283e0cdcba72257bdbe2c3c7fb8747e78898 https://github.com/mikedh/trimesh/commit/5861ced8f80d7cb94afb322c887f85d3f1f53cc7 https://github.com/mikedh/trimesh/commit/c6088cdfdef47dacf4ca0b75a4d463e920c18343 https://github.com/mikedh/trimesh/commit/4294277d099aa5c44acebaa642037b68e62cf3b4 https://github.com/mikedh/trimesh/commit/882d66adce650f82532a495b67bcaa773563e36d https://github.com/mikedh/trimesh/commit/2dea6d99c35819f99c658522cea51d0e9c875cfa https://github.com/mikedh/trimesh/commit/4206533c762e4f8d74979c46effe17cf76045f0a https://github.com/mikedh/trimesh/commit/d207a6088ede02dd9b4afc762f000227f74f11e7 https://github.com/mikedh/trimesh/commit/7fc811276c04bb774c45ae4518c03c76cffd699d https://github.com/mikedh/trimesh/commit/d451acd52fc8e3a952c3ed4a1bfc9382b117c003 https://github.com/mikedh/trimesh/commit/78339cd462aafb58b8487874367e1d76f9582c15 https://github.com/mikedh/trimesh/commit/a8a33b35b399a5af9ee44b17569254a558d6821a https://github.com/mikedh/trimesh/commit/d3b868254f3249daf00aaf0e3586d9edc0d1daf4 https://github.com/mikedh/trimesh/commit/8acb1e36e2ffd44b5015a0eaf5682ed0c6b54dee https://github.com/mikedh/trimesh/commit/5019241e332f1da5509bb6f0b263365506c920ec https://github.com/mikedh/trimesh/commit/6c84cfb84593323fc1af79a72cf7e76a67198857 https://github.com/mikedh/trimesh/commit/d72c2026b04ff3a61b7ae59ab0e9418b2ea16458 https://github.com/mikedh/trimesh/commit/b69411f70876b0f3abd17c8a5ae0638ab7d151f2,2126,https://github.com/mikedh/trimesh/pull/2126,gold/patches/mikedh__trimesh-2126.patch,10,347,111,4
pvlib__pvlib-python-1948,pvlib/pvlib-python,held_out,780c3ab8536db878ebcc65abd0ec90483005c658,2ea61bcce9edeb9b5e8d24baeddc6ec03ffa3cfc,5,https://github.com/pvlib/pvlib-python/commit/db9b9d2f91c8082dfb330637c41a5e33c8b001e6 https://github.com/pvlib/pvlib-python/commit/a7cc3b473daa4b626fcb63bf8b777672a53f7522 https://github.com/pvlib/pvlib-python/commit/356f5b7e921362d0ea4d2c513ac3fbcd1b4b8011 https://github.com/pvlib/pvlib-python/commit/6f09d81f727a44936411dd5196a2038eae926af9 https://github.com/pvlib/pvlib-python/commit/2ea61bcce9edeb9b5e8d24baeddc6ec03ffa3cfc,1948,https://github.com/pvlib/pvlib-python/pull/1948,gold/patches/pvlib__pvlib-python-1948.patch,2,42,18,2
urllib3__urllib3-3266,urllib3/urllib3,held_out,2ac4efacfef5182aaef3e26a4f1e066ab228dfdd,0e0256a6b7ec1fe5b0e9937499367fc6e3353c6b,5,https://github.com/urllib3/urllib3/commit/bf5663662edb503e7d13fb7adebb99766ace3a4d https://github.com/urllib3/urllib3/commit/237c36ad0b0729866593f5c9b82a9d9be9a50d38 https://github.com/urllib3/urllib3/commit/e513e4a85f0870e0a21bef7386dd457693255868 https://github.com/urllib3/urllib3/commit/0666f667583002a5e61242931e8cedd9ecc91ad1 https://github.com/urllib3/urllib3/commit/0e0256a6b7ec1fe5b0e9937499367fc6e3353c6b,3266,https://github.com/urllib3/urllib3/pull/3266,gold/patches/urllib3__urllib3-3266.patch,2,19,0,2
python-control__python-control-1145,python-control/python-control,discovery,dc7d71bd1a2d143f10fa8fe91d31292bdf8f5113,21f4912c8b12216534b8d5b07c243c66675a8b83,2,https://github.com/python-control/python-control/commit/2764889ba270d6340a6cef38e1e6df1fa9ede7d7 https://github.com/python-control/python-control/commit/21f4912c8b12216534b8d5b07c243c66675a8b83,1145,https://github.com/python-control/python-control/pull/1145,gold/patches/python-control__python-control-1145.patch,4,25,26,1
sissbruecker__linkding-706,sissbruecker/linkding,discovery,a1822e2091b900bfcf5cf2ef62191255d8da1b71,865d496355f6c9229c2e9d9e742435cafe8f6012,3,https://github.com/sissbruecker/linkding/commit/cacd534c4c46a802eef3bd28c4510309bc86649d https://github.com/sissbruecker/linkding/commit/cfeab75768553dbd246dceccf7209c1b9b139d93 https://github.com/sissbruecker/linkding/commit/865d496355f6c9229c2e9d9e742435cafe8f6012,706,https://github.com/sissbruecker/linkding/pull/706,gold/patches/sissbruecker__linkding-706.patch,4,34,0,1
encode__starlette-2620,encode/starlette,pilot,c78c9aac17a4d68e0647252310044502f1b7da71,5acd4312f652fc6d4c80495dec4f6c0ded5a0b9c,12,https://github.com/encode/starlette/commit/839b069cf3347e5ce776095061b2f600ea86e0bc https://github.com/encode/starlette/commit/2c4cec781f783a1c7df5bda892b71658312f3faf https://github.com/encode/starlette/commit/d7713f65fb8242d70d2b4d8c4a7eb2027c45a3ee https://github.com/encode/starlette/commit/41d5076a832829205a98e2158d293e5f83bce117 https://github.com/encode/starlette/commit/45884bc050d2e2813c146b50ac8c66d998fee64d https://github.com/encode/starlette/commit/c6f775230e71b46925a3f0ebf3febc874a0cb744 https://github.com/encode/starlette/commit/7c384b5b4499d6f772db5536b12cccd809043c40 https://github.com/encode/starlette/commit/922b85fb4458324754981bca647cff4688560a8b https://github.com/encode/starlette/commit/796a1fb07ed284aeb7e81f1c56a0aa8fa11b2e43 https://github.com/encode/starlette/commit/0679356d33122969ab74f5ba59511aabf8e9095c https://github.com/encode/starlette/commit/c50731db62dc86a86ef9238ce895dada1e56cc40 https://github.com/encode/starlette/commit/5acd4312f652fc6d4c80495dec4f6c0ded5a0b9c,2620,https://github.com/encode/starlette/pull/2620,gold/patches/encode__starlette-2620.patch,1,24,11,1
qtile__qtile-4991,qtile/qtile,discovery,aa59dacddcafc531915dc983e3da6e8937558f9e,928e71d4d4e30b790289f045ee5a376d6a700b11,1,https://github.com/qtile/qtile/commit/928e71d4d4e30b790289f045ee5a376d6a700b11,4991,https://github.com/qtile/qtile/pull/4991,gold/patches/qtile__qtile-4991.patch,1,1,11,1
matplotlib__matplotlib-27773,matplotlib/matplotlib,pilot,641e3def2c8f915f741937ddfc7ff28ca86a6370,793f1dfc4d9f5ab3021d16580c3010c1a792dc38,2,https://github.com/matplotlib/matplotlib/commit/90a3971386cf7c8a5f1fcda33060d4c0978950e7 https://github.com/matplotlib/matplotlib/commit/793f1dfc4d9f5ab3021d16580c3010c1a792dc38,27773,https://github.com/matplotlib/matplotlib/pull/27773,gold/patches/matplotlib__matplotlib-27773.patch,1,1,1,1
koxudaxi__datamodel-code-generator-2293,koxudaxi/datamodel-code-generator,discovery,4f45637ac45ab8f75794e6dbde069ba371d2bc02,e1dd956ba424a1c0450ff7f2bf36990e95c7df8b,2,https://github.com/koxudaxi/datamodel-code-generator/commit/2c1d95df4973d4f636da3d900e11061d1972c9ce https://github.com/koxudaxi/datamodel-code-generator/commit/e1dd956ba424a1c0450ff7f2bf36990e95c7df8b,2293,https://github.com/koxudaxi/datamodel-code-generator/pull/2293,gold/patches/koxudaxi__datamodel-code-generator-2293.patch,1,1,1,1
pypsa__pypsa-896,PyPSA/PyPSA,discovery,42ceb787344ce4d94716f2bdab8bd0b6723c36f0,d86a08025abedf0ff70c9211e0b1e8c4785e9ef9,30,https://github.com/PyPSA/PyPSA/commit/7b075404584051333627600ab4f2d51a39482788 https://github.com/PyPSA/PyPSA/commit/f2ec71cb2764d99b55adabacb70bd634dfea437e https://github.com/PyPSA/PyPSA/commit/1753bbb8ff6ce8b8d1e2d7c075292e7a24256d78 https://github.com/PyPSA/PyPSA/commit/d61be2a451a6eaa0e034725b6912b74d893a1eb7 https://github.com/PyPSA/PyPSA/commit/c02f9416d0b38d556ced921db7ad912c056f1fd4 https://github.com/PyPSA/PyPSA/commit/91965c3bf6bbbf0801e39ca905c4a453713e26e8 https://github.com/PyPSA/PyPSA/commit/019bb1ba45936495768b6f9b95bb9a9cf8704eee https://github.com/PyPSA/PyPSA/commit/a8be326bbdb639de7df45a6adbc74aeaf9f33e0c https://github.com/PyPSA/PyPSA/commit/cdfcca0dbca30d65ef7a624b558f5dfb8956a6a6 https://github.com/PyPSA/PyPSA/commit/c5e9b3963c9d290769cbfb1651ae7af8f3f94763 https://github.com/PyPSA/PyPSA/commit/2a207cc411e4a2ac3e4c2bec2b4402ce5de8504b https://github.com/PyPSA/PyPSA/commit/3322b7deab6bf3c96fe04b763230c754aab82af7 https://github.com/PyPSA/PyPSA/commit/b0e9c6970ef62c4c7d1800119690e7365412897b https://github.com/PyPSA/PyPSA/commit/ad58b89afb393e0a64073a4519dd01064a0d65ab https://github.com/PyPSA/PyPSA/commit/d9f02a1ac386cd49108354a92a4cb5024a7a4ecd https://github.com/PyPSA/PyPSA/commit/7ca92c978b2413c1830c1409b8a107b122e7d610 https://github.com/PyPSA/PyPSA/commit/afa2b3c1f1d944e993a5ff3a5d7afaa6681bb58d https://github.com/PyPSA/PyPSA/commit/e9d1b1f2ae7ccbbd6f5e9860290633ebe9b7d5f0 https://github.com/PyPSA/PyPSA/commit/14e58e2194edf18fc56453d900ecce860a1cc5df https://github.com/PyPSA/PyPSA/commit/4de0cb6a350b35aaf76d31edc6e013d2654f47ec https://github.com/PyPSA/PyPSA/commit/270887a5f31588617dd038b754ba0b50a4b47ecb https://github.com/PyPSA/PyPSA/commit/e7d80f6700e030427a296abd88cc4baeb4e9c144 https://github.com/PyPSA/PyPSA/commit/b0d776198347bb141220ebdb66c59234214ce56e https://github.com/PyPSA/PyPSA/commit/64ea0e617a010e1c3791a31e2f8e0ba267c1fd6f https://github.com/PyPSA/PyPSA/commit/d7e6fcb3e157f0f268eb2114b065d04a0337e766 https://github.com/PyPSA/PyPSA/commit/7875c7d3c8264ea0cd5ff3d5df160c45bdd510a7 https://github.com/PyPSA/PyPSA/commit/072dff7ee9eff0b9970722b34870d78e21928625 https://github.com/PyPSA/PyPSA/commit/646319cec81596009bc53bcf36c980ff1daca3a3 https://github.com/PyPSA/PyPSA/commit/9c816087c5a27328e7d556842e7b8824b24e048d https://github.com/PyPSA/PyPSA/commit/d86a08025abedf0ff70c9211e0b1e8c4785e9ef9,896,https://github.com/PyPSA/PyPSA/pull/896,gold/patches/pypsa__pypsa-896.patch,16,570,245,3
reflex-dev__reflex-2617,reflex-dev/reflex,held_out,dec777485fa3bfc32e4b544193d5ff1d271518bf,a8cfcd9878e468896a0da6815e16711645126b10,4,https://github.com/reflex-dev/reflex/commit/3a92e56a773f69e15260d5a31995acf3acb18fa9 https://github.com/reflex-dev/reflex/commit/daff16f3b7e888c56fe9ca2b0e867eadc1669f64 https://github.com/reflex-dev/reflex/commit/121ed17f76a3512b731a7f520ccd315fac6781d8 https://github.com/reflex-dev/reflex/commit/a8cfcd9878e468896a0da6815e16711645126b10,2617,https://github.com/reflex-dev/reflex/pull/2617,gold/patches/reflex-dev__reflex-2617.patch,1,3,1,1
pydata__xarray-8846,pydata/xarray,held_out,fbcac7611bf9a16750678f93483d3dbe0e261a0a,f04b2d798fc276c67f0abdff0f5c1aef1e528f11,6,https://github.com/pydata/xarray/commit/12c253df0d317d170ca125a77cfe87128fff0005 https://github.com/pydata/xarray/commit/c1d108dbdaaf88a9746857bbef7d63576b976cde https://github.com/pydata/xarray/commit/3f56a1be718899a8b70dbaf76722dba4e3da3598 https://github.com/pydata/xarray/commit/c81865009abdf611d2192fd139fb1ccce07a224f https://github.com/pydata/xarray/commit/29e1689d3f37f64262fe30db1f3e498ca865e927 https://github.com/pydata/xarray/commit/f04b2d798fc276c67f0abdff0f5c1aef1e528f11,8846,https://github.com/pydata/xarray/pull/8846,gold/patches/pydata__xarray-8846.patch,1,8,1,1
python-control__python-control-1099,python-control/python-control,discovery,0ff045263f69802e32d7e5a69ac5c16142f7a96e,b13ade4835c54c56f4b26cf9be4ddbb321939287,3,https://github.com/python-control/python-control/commit/236c1d40a77f4ef1dafde17a2f189f90f5b83f09 https://github.com/python-control/python-control/commit/465cfad03e423ea3dced37a6ba3e4b36a5baf161 https://github.com/python-control/python-control/commit/b13ade4835c54c56f4b26cf9be4ddbb321939287,1099,https://github.com/python-control/python-control/pull/1099,gold/patches/python-control__python-control-1099.patch,1,25,14,1
reflex-dev__reflex-3037,reflex-dev/reflex,held_out,67702e092723a829e70f483e68f86c08213543f6,94925b43bdf32925f4a112fb730d38d8dfaa0f1b,2,https://github.com/reflex-dev/reflex/commit/9601e6589afd11b08074030d8439825e5644c000 https://github.com/reflex-dev/reflex/commit/94925b43bdf32925f4a112fb730d38d8dfaa0f1b,3037,https://github.com/reflex-dev/reflex/pull/3037,gold/patches/reflex-dev__reflex-3037.patch,1,3,2,1
conan-io__conan-15538,conan-io/conan,held_out,0852fea517c1f4b00c4cc290d333544f91e9663a,db71457eeb2a07c4548d9670c2f239f3dcfbc892,1,https://github.com/conan-io/conan/commit/db71457eeb2a07c4548d9670c2f239f3dcfbc892,15538,https://github.com/conan-io/conan/pull/15538,gold/patches/conan-io__conan-15538.patch,1,7,3,1
sphinx-doc__sphinx-12131,sphinx-doc/sphinx,discovery,aaecc9376d0662aeca5d3bd7c9d9fa36d6398478,984d02150d619e9c363de087c158684fc5a0812f,10,https://github.com/sphinx-doc/sphinx/commit/847a4d5409107a85564b5fe59807c3cd18743d9a https://github.com/sphinx-doc/sphinx/commit/fc73134e89b3a024b3c2d3328b720e13f0e49730 https://github.com/sphinx-doc/sphinx/commit/d9222f18be37b878ebb99fb647e7adc32c9a9fb0 https://github.com/sphinx-doc/sphinx/commit/70891f1191918ca4a35e4447ffa063a16d57fc33 https://github.com/sphinx-doc/sphinx/commit/14dabafcc726d74650c9303d0cfaa5bb3df15b66 https://github.com/sphinx-doc/sphinx/commit/9dc2b58341ea95386c4901a677a7975094b230d3 https://github.com/sphinx-doc/sphinx/commit/9cca46d699f33cc8fd70f16647cac08069d6db68 https://github.com/sphinx-doc/sphinx/commit/2846793e01e053fa2357d85eca2ab9008bb3fde4 https://github.com/sphinx-doc/sphinx/commit/d22eaee81dd9c3b2c62c8d0a68e5c4b3679e8de2 https://github.com/sphinx-doc/sphinx/commit/984d02150d619e9c363de087c158684fc5a0812f,12131,https://github.com/sphinx-doc/sphinx/pull/12131,gold/patches/sphinx-doc__sphinx-12131.patch,5,34,3,3
sphinx-doc__sphinx-12598,sphinx-doc/sphinx,discovery,5edca97a2ef091d969fcd550aa436bb7fedad71a,e57034f10c69e8f1123c2da9597011259405666c,4,https://github.com/sphinx-doc/sphinx/commit/d3e82f49d1bca34f5d665f8ac591ed89d72fefc6 https://github.com/sphinx-doc/sphinx/commit/68204c1b09e1a462215105dc5961f3d3195fbc53 https://github.com/sphinx-doc/sphinx/commit/ea6730c52bb1943df04d4e8476f8a8fdcb5a9e03 https://github.com/sphinx-doc/sphinx/commit/e57034f10c69e8f1123c2da9597011259405666c,12598,https://github.com/sphinx-doc/sphinx/pull/12598,gold/patches/sphinx-doc__sphinx-12598.patch,4,23,1,2
qtile__qtile-4909,qtile/qtile,discovery,dfb7186eed9253fff9958877bb3fe1e5e0ffcf32,c45f8ab2c05ae265fd47bcd5e58e279ac6ab3cbc,2,https://github.com/qtile/qtile/commit/343b64243d0dd8fa524e3d5b11df5fac35032fb6 https://github.com/qtile/qtile/commit/c45f8ab2c05ae265fd47bcd5e58e279ac6ab3cbc,4909,https://github.com/qtile/qtile/pull/4909,gold/patches/qtile__qtile-4909.patch,1,1,0,1
icloud-photos-downloader__icloud_photos_downloader-956,icloud-photos-downloader/icloud_photos_downloader,pilot,6e9c6c69996a39d0e7f77c9fd4f9b160b4b8bcdd,a8e073371ff9ccdee6beb9c1035c90f653140eee,1,https://github.com/icloud-photos-downloader/icloud_photos_downloader/commit/a8e073371ff9ccdee6beb9c1035c90f653140eee,956,https://github.com/icloud-photos-downloader/icloud_photos_downloader/pull/956,gold/patches/icloud-photos-downloader__icloud_photos_downloader-956.patch,2,3,1,2
pypsa__pypsa-1112,PyPSA/PyPSA,discovery,5822ff21dc327ab4404c9557f6f61e4da56fabf8,a6133808fb2ec973341be4b67d4e1127f8cc9b47,5,https://github.com/PyPSA/PyPSA/commit/50f5962edfc6320c7a22b507d3fc4800ce45db04 https://github.com/PyPSA/PyPSA/commit/1bdd3ee6f255966cdf341b671edb13eeba570ed7 https://github.com/PyPSA/PyPSA/commit/570ef8373fcf76b4f77980ffeb356bc509c69771 https://github.com/PyPSA/PyPSA/commit/034b8f28425b53a9010af70e0b9ccd4c8942e760 https://github.com/PyPSA/PyPSA/commit/a6133808fb2ec973341be4b67d4e1127f8cc9b47,1112,https://github.com/PyPSA/PyPSA/pull/1112,gold/patches/pypsa__pypsa-1112.patch,3,181,104,2
joke2k__faker-2142,joke2k/faker,pilot,6edfdbf6ae90b0153309e3bf066aa3b2d16494a7,f6043e7283c15512d5092775b5aaec340b2d4ce4,1,https://github.com/joke2k/faker/commit/f6043e7283c15512d5092775b5aaec340b2d4ce4,2142,https://github.com/joke2k/faker/pull/2142,gold/patches/joke2k__faker-2142.patch,1,29,1,1
sphinx-doc__sphinx-11914,sphinx-doc/sphinx,discovery,707bfbd6695958853610bdaf10886f8c6b88e149,61fe2cd95eb34427445af5e80f5a73ed54e1b373,5,https://github.com/sphinx-doc/sphinx/commit/1539b1adbcd62a22af018748bc380266a544e7ca https://github.com/sphinx-doc/sphinx/commit/2d4e08049af8a9dda25f380b246763c70feee4c1 https://github.com/sphinx-doc/sphinx/commit/5457ab4e1962b0b1caed7e301b64006cac92dd8c https://github.com/sphinx-doc/sphinx/commit/7e3f50f28050d5fbdb580f143973a706be7ef90a https://github.com/sphinx-doc/sphinx/commit/61fe2cd95eb34427445af5e80f5a73ed54e1b373,11914,https://github.com/sphinx-doc/sphinx/pull/11914,gold/patches/sphinx-doc__sphinx-11914.patch,1,1,1,1
ipython__ipython-14555,ipython/ipython,held_out,02545e95585fa222f9e83b83161e6af4065fd6f7,3e0dafa9bf7fbecdac33f43eb686d746ea98910d,2,https://github.com/ipython/ipython/commit/09e8eed06cfabb7036889f8ddbba85b77bd17979 https://github.com/ipython/ipython/commit/3e0dafa9bf7fbecdac33f43eb686d746ea98910d,14555,https://github.com/ipython/ipython/pull/14555,gold/patches/ipython__ipython-14555.patch,1,4,2,1
pytorch__torchtune-1368,pytorch/torchtune,held_out,3c580fc0cd831043b5e1d8d9c0af60e67966136c,22c36a7a25666af1a7d9ed9ddeb60174f502c48c,1,https://github.com/pytorch/torchtune/commit/22c36a7a25666af1a7d9ed9ddeb60174f502c48c,1368,https://github.com/pytorch/torchtune/pull/1368,gold/patches/pytorch__torchtune-1368.patch,1,60,22,1
conan-io__conan-15779,conan-io/conan,held_out,0d09f6bc9d97bea13e2ddfae32295261d49fb8f6,b128cded1fa419d1926063f37e608ab0e3cdb3bf,3,https://github.com/conan-io/conan/commit/98acb8f04f4e1abf6be9f8ee5ef1f1a9d92ba12b https://github.com/conan-io/conan/commit/a9b3b333a222fc075118b2f9ccdfc4a82a1b7565 https://github.com/conan-io/conan/commit/b128cded1fa419d1926063f37e608ab0e3cdb3bf,15779,https://github.com/conan-io/conan/pull/15779,gold/patches/conan-io__conan-15779.patch,1,10,9,1
reata__sqllineage-543,reata/sqllineage,discovery,0326b59c18e6ad926e183973083de9b94a52193c,8410d088ab81cb1b36c3091ff8a4c9dd15877958,5,https://github.com/reata/sqllineage/commit/40572f25c83aee2e839d88194c6c808bce2d2ec6 https://github.com/reata/sqllineage/commit/9948f6dcd0c2dd591edd9436aab9b85e39416949 https://github.com/reata/sqllineage/commit/2c01d33ab56ff9b1f75ac8105f9992ebb7d4a1ab https://github.com/reata/sqllineage/commit/a91198afe4e37616c601df4d40ac108a152edfb3 https://github.com/reata/sqllineage/commit/8410d088ab81cb1b36c3091ff8a4c9dd15877958,543,https://github.com/reata/sqllineage/pull/543,gold/patches/reata__sqllineage-543.patch,4,27,7,1
aiogram__aiogram-1585,aiogram/aiogram,pilot,080878be865ea63857ab67be1db6cd8f1bb9e503,4ecdca1438fe3a5a584568910d78510d48d740c1,3,https://github.com/aiogram/aiogram/commit/a57ebda06da0b3f4cb665d95df7edcb1f7da8230 https://github.com/aiogram/aiogram/commit/15776ba16420ef6d52c9d9053a084bb2a580bd1c https://github.com/aiogram/aiogram/commit/4ecdca1438fe3a5a584568910d78510d48d740c1,1585,https://github.com/aiogram/aiogram/pull/1585,gold/patches/aiogram__aiogram-1585.patch,2,6,7,2
python-attrs__attrs-1303,python-attrs/attrs,held_out,37ac3ef0888bbd9235d17cbc6d284856f5276b44,93c1f07e69e85c7c2cd275f937c41c805230f7b2,12,https://github.com/python-attrs/attrs/commit/8ee8f0ef7177a39bc907159b661a5aaf4be1d628 https://github.com/python-attrs/attrs/commit/7cc2a3020810a5d700ad0f2bf7d0cf947c9cd493 https://github.com/python-attrs/attrs/commit/8d12ad47243e84a8298b9e0566876b0bb791e794 https://github.com/python-attrs/attrs/commit/2ad53b30622446cfd2dce7fcef27b0f5ed542fca https://github.com/python-attrs/attrs/commit/69966273e3b3af26fe44104dfa1408d47ac6a121 https://github.com/python-attrs/attrs/commit/456863ec5083ce1fbe173f5db867986dad2039a6 https://github.com/python-attrs/attrs/commit/f17173800cbccbb3bfa7a63a921600becd056850 https://github.com/python-attrs/attrs/commit/875f0aacc9efb5d16a419570b4269c3bc05f29d2 https://github.com/python-attrs/attrs/commit/8f28bf538717c6847ba403191235351846e54b52 https://github.com/python-attrs/attrs/commit/c9da05fe14760cd5d11d03d4e8213f9e88348752 https://github.com/python-attrs/attrs/commit/a0b6b241a05b825077decccdf99af43eab35ab34 https://github.com/python-attrs/attrs/commit/93c1f07e69e85c7c2cd275f937c41c805230f7b2,1303,https://github.com/python-attrs/attrs/pull/1303,gold/patches/python-attrs__attrs-1303.patch,4,69,0,3
instructlab__instructlab-756,instructlab/instructlab,discovery,ca231b189adc84caf8bb15f96162719848b765aa,8e004e51185ed9e4f2a353bb97fcf66da1d6fdf0,14,https://github.com/instructlab/instructlab/commit/6361e407e3482d111b16f7c1a0451f6ee8a05003 https://github.com/instructlab/instructlab/commit/72ce6503c41517c5628c328ac72ca54261a26629 https://github.com/instructlab/instructlab/commit/f5089dc75c736581c7a71572ef3a8594edea7236 https://github.com/instructlab/instructlab/commit/f07dd8b706adb9f3d59e8adadf388fd3cdde1244 https://github.com/instructlab/instructlab/commit/fd967793bbba464ba87b763c603027babf571f97 https://github.com/instructlab/instructlab/commit/635e58a49535f3cd36db8109835f52fe8972f63a https://github.com/instructlab/instructlab/commit/ce57abc5b040670d36b1a90f95cda1fec859d868 https://github.com/instructlab/instructlab/commit/fd37c23b8c4213eaea6eddcb2381aba00b50c96d https://github.com/instructlab/instructlab/commit/960854adc3f30cafe204861e2754058db880352b https://github.com/instructlab/instructlab/commit/5865ecd4e61082e2fb5b1d8ef60c3b5063fcb4b6 https://github.com/instructlab/instructlab/commit/7ae025f1de04d6bfe957440b9bad045240f05ad6 https://github.com/instructlab/instructlab/commit/f9fbb19f355bd0dd690e1e2f0744399655144f93 https://github.com/instructlab/instructlab/commit/350ac7af6a8f57f86767962c788a503a420677c9 https://github.com/instructlab/instructlab/commit/8e004e51185ed9e4f2a353bb97fcf66da1d6fdf0,756,https://github.com/instructlab/instructlab/pull/756,gold/patches/instructlab__instructlab-756.patch,3,55,61,2
pylint-dev__pylint-9868,pylint-dev/pylint,discovery,cb6db062ffcecc0928358d26c9c094da8aa0efaa,2d6db8a273fab85e9d50c66eed8527598759ca50,9,https://github.com/pylint-dev/pylint/commit/9682d47886aed70d33b0178091a0b38756aa3898 https://github.com/pylint-dev/pylint/commit/3cc7e7f04fd47d26d88271cf5df70016862aa90e https://github.com/pylint-dev/pylint/commit/2dd9e89ff49a3fefe00513b301e2c6f656e74364 https://github.com/pylint-dev/pylint/commit/1050d3376270a47b9ff5bcfeaf4a67d05dfedb56 https://github.com/pylint-dev/pylint/commit/34153fa431083129d3b46796eeba6af625601ddc https://github.com/pylint-dev/pylint/commit/7388110dcd65867bbcb2da073ceb0cd7eb7712e9 https://github.com/pylint-dev/pylint/commit/5ac47d6064acfd1cebc28fafa17d3a1b6208dee0 https://github.com/pylint-dev/pylint/commit/164a08592eb194eaa8fae5415512efbada0c51a9 https://github.com/pylint-dev/pylint/commit/2d6db8a273fab85e9d50c66eed8527598759ca50,9868,https://github.com/pylint-dev/pylint/pull/9868,gold/patches/pylint-dev__pylint-9868.patch,8,42,5,2
qtile__qtile-5100,qtile/qtile,discovery,4897d0d15d4403de00d19c570d60178541c7c582,9f58612e79d2fa48bf2948744961f8ccc3970b68,3,https://github.com/qtile/qtile/commit/872d14db3bc29bd64913c188ce36958776399943 https://github.com/qtile/qtile/commit/7df9e7e18051b8c2a823c1e99ee39553fed87b5d https://github.com/qtile/qtile/commit/9f58612e79d2fa48bf2948744961f8ccc3970b68,5100,https://github.com/qtile/qtile/pull/5100,gold/patches/qtile__qtile-5100.patch,4,33,12,1
patroni__patroni-3079,patroni/patroni,held_out,14a44e14ba839348bdad140fa6a8ac1ecfcfe0ad,a27bd4eff20e80caca0e617d91a6579e305e20d5,1,https://github.com/patroni/patroni/commit/a27bd4eff20e80caca0e617d91a6579e305e20d5,3079,https://github.com/patroni/patroni/pull/3079,gold/patches/patroni__patroni-3079.patch,1,1,1,1
patroni__patroni-3045,patroni/patroni,held_out,9d231aeecdd69f4d06c75a702755fa70d8c2b5f6,160ec4a78484faaea874fc1ac607b0b022cf337a,1,https://github.com/patroni/patroni/commit/160ec4a78484faaea874fc1ac607b0b022cf337a,3045,https://github.com/patroni/patroni/pull/3045,gold/patches/patroni__patroni-3045.patch,1,9,3,1
keras-team__keras-19387,keras-team/keras,held_out,2958e0a8e61b01523b6232486683e21e22c85465,09aeb51158a77e0bdbb428616710b4596c4a7ee2,2,https://github.com/keras-team/keras/commit/99377ea827898c99028ed1c835d6367912a4af7a https://github.com/keras-team/keras/commit/09aeb51158a77e0bdbb428616710b4596c4a7ee2,19387,https://github.com/keras-team/keras/pull/19387,gold/patches/keras-team__keras-19387.patch,1,4,0,1
python-control__python-control-1111,python-control/python-control,discovery,ebff1259a45dc7c45409ae439d36d7607afe86ee,a05b9d50f8304e17ed46d299df79d1d3667d0088,3,https://github.com/python-control/python-control/commit/52ab45e7a4289fe15fb8ba5e44f6afc3127fde4c https://github.com/python-control/python-control/commit/b7eeb79c2c1a21a0bb6416bcb62f4f57ab2ec886 https://github.com/python-control/python-control/commit/a05b9d50f8304e17ed46d299df79d1d3667d0088,1111,https://github.com/python-control/python-control/pull/1111,gold/patches/python-control__python-control-1111.patch,1,1,2,1
pvlib__pvlib-python-2100,pvlib/pvlib-python,held_out,8e2bc9199f47ce98acfd7d91cf57f2589f41c252,a1807932d80a8fe3c2ec9db1edaa988e1b31202e,25,https://github.com/pvlib/pvlib-python/commit/fe0162480fe6d8c4c7c3a3ab42243ea1f8e9a0b4 https://github.com/pvlib/pvlib-python/commit/be7a79863e3f4b60b2cd09b6f3d4bf44cdaf2fee https://github.com/pvlib/pvlib-python/commit/d6ef34b4fc40db4bf25d0ca9a2ea1ba8fa305291 https://github.com/pvlib/pvlib-python/commit/6b5f1b6a3141e1e34f0272461c5e992652b5c4c6 https://github.com/pvlib/pvlib-python/commit/70c832a8a7ea3aa1dcafb1a20ba682d2108c59f7 https://github.com/pvlib/pvlib-python/commit/ed4a9730bbdc2dd9c8b9eb7eec44563e0c2d9e5a https://github.com/pvlib/pvlib-python/commit/4157f7f75004419f8a7b380e87131afc4fdf18b6 https://github.com/pvlib/pvlib-python/commit/16d266fed840ff6fd28513d17af3080929fb9459 https://github.com/pvlib/pvlib-python/commit/e7cc7d08094b50019f7fd6d52b78bfbf5491b110 https://github.com/pvlib/pvlib-python/commit/e373a70c22e79a6b49c2aea35b8c8883f247fb79 https://github.com/pvlib/pvlib-python/commit/3cb6c759ec95897d42a6609024c83fab6ac9432a https://github.com/pvlib/pvlib-python/commit/ca6ddf6dacccda5cf47a5de16ca74343697dbcfb https://github.com/pvlib/pvlib-python/commit/9d171f02c817109deb918a4359eb175134bf93a1 https://github.com/pvlib/pvlib-python/commit/755eb3d5ab2a5407fb294fc5cc1927e613624162 https://github.com/pvlib/pvlib-python/commit/24ec55b6f5e349894470f36aa394d88e5148ddc9 https://github.com/pvlib/pvlib-python/commit/fc3e784d0551a21d7c1642fda18b5e17a845c9fb https://github.com/pvlib/pvlib-python/commit/f39042911bda47ea0d646f305bb558c7d95182b3 https://github.com/pvlib/pvlib-python/commit/b556456bab4f08be5f39440fda0530fbc09a0966 https://github.com/pvlib/pvlib-python/commit/51b31bc88c38daf62f9b16736fa55a23b051e915 https://github.com/pvlib/pvlib-python/commit/341aafa80b1f51bda880439992467b572f77ae99 https://github.com/pvlib/pvlib-python/commit/5ee902ad6d5f0db8cfdd83283b9bb6e6fb0e1212 https://github.com/pvlib/pvlib-python/commit/046c67dfd444de6a052b3e9cd2cc6fabcccd077b https://github.com/pvlib/pvlib-python/commit/80fe9e82fe859cf14bce1c9797f68c2bfe695f7a https://github.com/pvlib/pvlib-python/commit/397d1dcf01c81f51d5a8c2c3fc0cac42e028a4e7 https://github.com/pvlib/pvlib-python/commit/a1807932d80a8fe3c2ec9db1edaa988e1b31202e,2100,https://github.com/pvlib/pvlib-python/pull/2100,gold/patches/pvlib__pvlib-python-2100.patch,2,64,52,2
encode__starlette-2909,encode/starlette,pilot,c8a46925366361e40b65b117473db1342895b904,ca5a683c4965b9255bc2feae8480c6971158b0be,1,https://github.com/encode/starlette/commit/ca5a683c4965b9255bc2feae8480c6971158b0be,2909,https://github.com/encode/starlette/pull/2909,gold/patches/encode__starlette-2909.patch,1,3,3,1
beeware__briefcase-1638,beeware/briefcase,held_out,eac7ab8263362d8cbcc273f08c788d8183d22ea9,f25c22a9b87f03c7db6a9b0430875498c82fffd6,5,https://github.com/beeware/briefcase/commit/f336908e6da9070e17bf237cd5a712fb054c59f3 https://github.com/beeware/briefcase/commit/f78865d260111db91019f011399bdcbbf504aa73 https://github.com/beeware/briefcase/commit/4c7adf0915f0e926caadf243c559a85778e1da67 https://github.com/beeware/briefcase/commit/27103f92ce4be36d9c047f9b168812401d1944c2 https://github.com/beeware/briefcase/commit/f25c22a9b87f03c7db6a9b0430875498c82fffd6,1638,https://github.com/beeware/briefcase/pull/1638,gold/patches/beeware__briefcase-1638.patch,2,2,1,2
aws-cloudformation__cfn-lint-3337,aws-cloudformation/cfn-lint,discovery,75410e89cbbff6fb0f1603dc53eaebdc40bef058,36e9f5538fa0afc317676b260a86618a80ce9cb4,1,https://github.com/aws-cloudformation/cfn-lint/commit/36e9f5538fa0afc317676b260a86618a80ce9cb4,3337,https://github.com/aws-cloudformation/cfn-lint/pull/3337,gold/patches/aws-cloudformation__cfn-lint-3337.patch,1,9,0,1
beeware__briefcase-1689,beeware/briefcase,held_out,5616e145960775ab7673765b2c4c966928b8034e,5c93750941d43269fb6063d9afd05c194ee15e67,3,https://github.com/beeware/briefcase/commit/648976e520e5bf4030da10153644007bd5d6950b https://github.com/beeware/briefcase/commit/7483acff3a17c06a47f0c4d423fbf959c7e56f3d https://github.com/beeware/briefcase/commit/5c93750941d43269fb6063d9afd05c194ee15e67,1689,https://github.com/beeware/briefcase/pull/1689,gold/patches/beeware__briefcase-1689.patch,4,45,60,3
reflex-dev__reflex-4347,reflex-dev/reflex,held_out,34c11fdf108395fcacbe2488655969fef5c7958c,99dd4c6e6ba8b648a64edfee6aac8e420d4c3841,5,https://github.com/reflex-dev/reflex/commit/b3fb1bdca025f69006d8b4824ca515300cc3c6ad https://github.com/reflex-dev/reflex/commit/a91f89aade92d8a67956ea7aa49b019b327f7f51 https://github.com/reflex-dev/reflex/commit/d077034f5df113cbe48b0fee0223c0ec954a44b1 https://github.com/reflex-dev/reflex/commit/bac3cd4870cfeef373a107602216f4a6a2734be9 https://github.com/reflex-dev/reflex/commit/99dd4c6e6ba8b648a64edfee6aac8e420d4c3841,4347,https://github.com/reflex-dev/reflex/pull/4347,gold/patches/reflex-dev__reflex-4347.patch,1,22,0,1
pypsa__pypsa-1172,PyPSA/PyPSA,discovery,7b02177e9bf01dc0c7734cb7af9021c952426d56,9a7ea931f39e0b02910afd7a552b14a673505926,5,https://github.com/PyPSA/PyPSA/commit/881d38dc2febe5365566e5e216a10170e1f9bb13 https://github.com/PyPSA/PyPSA/commit/98b271f0f8f21d2e16f92f5c57d72b55ded08e18 https://github.com/PyPSA/PyPSA/commit/51f151c7a6226ac1e4b0f2b7154b12eff2a58a6a https://github.com/PyPSA/PyPSA/commit/05c12df2568cd66ba45dabc859b767aaac23b59a https://github.com/PyPSA/PyPSA/commit/9a7ea931f39e0b02910afd7a552b14a673505926,1172,https://github.com/PyPSA/PyPSA/pull/1172,gold/patches/pypsa__pypsa-1172.patch,2,7,4,2
beeware__briefcase-1827,beeware/briefcase,held_out,7ffbb0a7d7d89a5f6103106c7e40367361f84c0c,bda871ef6df49976ffeeb6b2f863afbc9701e71b,7,https://github.com/beeware/briefcase/commit/ee8e5f457754c9b7e2a948cbb29d6641f12e43bb https://github.com/beeware/briefcase/commit/c7893a786901e1cf359808bb88eb190be2e3ba66 https://github.com/beeware/briefcase/commit/884aee17728a29f8f8d2c77ef45aa49b499a4397 https://github.com/beeware/briefcase/commit/550d7a37fbd9fc2e34db208fab4a92e48cd6be2e https://github.com/beeware/briefcase/commit/ac2b10b8ff6bc26a6c67a4af0529e13ed469a038 https://github.com/beeware/briefcase/commit/97a4a07614c17bea3f993137415f32dbb317ad07 https://github.com/beeware/briefcase/commit/bda871ef6df49976ffeeb6b2f863afbc9701e71b,1827,https://github.com/beeware/briefcase/pull/1827,gold/patches/beeware__briefcase-1827.patch,3,27,1,2
fonttools__fonttools-3520,fonttools/fonttools,discovery,d757bfac8a140832fcb7ebdf1bd502480d6a6911,0902d1e48290cfc194dc2bdec782f9af39f29b7e,1,https://github.com/fonttools/fonttools/commit/0902d1e48290cfc194dc2bdec782f9af39f29b7e,3520,https://github.com/fonttools/fonttools/pull/3520,gold/patches/fonttools__fonttools-3520.patch,3,87,1,2
pdm-project__pdm-3237,pdm-project/pdm,discovery,fba5a6a65c37c2b9307c4d6c8ce3aacf7abb7c92,7a4e3a35e5bc720c06225d56f9e24a1e4dbd6d4b,6,https://github.com/pdm-project/pdm/commit/3fce1f075c6ced40d6ebdad73622802a0935447c https://github.com/pdm-project/pdm/commit/0642350ff71c54563b881a3e39d79ad35d5aa844 https://github.com/pdm-project/pdm/commit/6ac4844c1c29054407eabe1dce8e4478f04d890c https://github.com/pdm-project/pdm/commit/52492df89755fdd94dc1ab51b3efe56615db76c7 https://github.com/pdm-project/pdm/commit/0dc01eb96660cc9e2d863b1ff3b8bcf6f5171512 https://github.com/pdm-project/pdm/commit/7a4e3a35e5bc720c06225d56f9e24a1e4dbd6d4b,3237,https://github.com/pdm-project/pdm/pull/3237,gold/patches/pdm-project__pdm-3237.patch,2,53,22,2
pvlib__pvlib-python-2291,pvlib/pvlib-python,held_out,afdcdd4acc3fd00420a656b1c106d9a8bb85ad29,f3da1809c9ba135b5420d790d4127680dfaee195,30,https://github.com/pvlib/pvlib-python/commit/48e4df999f0e888e73050a9574a0c59cebe702bc https://github.com/pvlib/pvlib-python/commit/80cf9c7f233e5a4879bf64620ce5b7a7c5d3acce https://github.com/pvlib/pvlib-python/commit/10eb7f1b0c0be995604f23e0cd4a4a059d8ebd28 https://github.com/pvlib/pvlib-python/commit/d984b61303d6c183be113e2a959c5cad5aacd700 https://github.com/pvlib/pvlib-python/commit/302b4f89e5055eb62e682a497acb7b4ef8d2397b https://github.com/pvlib/pvlib-python/commit/f7e5e127a8b5593d7b93bb027dd6a320427f99d5 https://github.com/pvlib/pvlib-python/commit/328afc8d0845e2b59a62a5ff3ca873ac381fb8b0 https://github.com/pvlib/pvlib-python/commit/58e9e8f3bd51e953f5a5ed21f5e2988920a41daa https://github.com/pvlib/pvlib-python/commit/e5aa05c6cac48181c57685f67b24a1b4eb97a4f8 https://github.com/pvlib/pvlib-python/commit/f961e2b1042409e3637d7c2965ca94ac8101065b https://github.com/pvlib/pvlib-python/commit/41864fcc69d1cb13e4f75c1b38122739ca3d65d3 https://github.com/pvlib/pvlib-python/commit/8d0d11757800f92cdd033913707cad6576b68969 https://github.com/pvlib/pvlib-python/commit/4975364ba4ff562285b75827d34871baa00b0786 https://github.com/pvlib/pvlib-python/commit/0ef21f7d301966f06866c3d416d2a159593e27b7 https://github.com/pvlib/pvlib-python/commit/c71fd81fbfc6893bc7bd1d369006c8b99a2b0807 https://github.com/pvlib/pvlib-python/commit/e8810c45d4bc266efe09954fb9c5f52311350d45 https://github.com/pvlib/pvlib-python/commit/e935effd0c0988d3667a28b3f790f2cf76641633 https://github.com/pvlib/pvlib-python/commit/959a916394ad3bf7796a9615c8953ab8ec4f0a03 https://github.com/pvlib/pvlib-python/commit/d02923f394b2d88732b5936886a577329842d793 https://github.com/pvlib/pvlib-python/commit/58d04b4b1266bd08f8d5f476f43a2cd7fa3bd22f https://github.com/pvlib/pvlib-python/commit/5a01abcdecb5648fad4c8845152401ac981ceed9 https://github.com/pvlib/pvlib-python/commit/7046b38ac9cc83c1f2f9c46e360906a9f58ce811 https://github.com/pvlib/pvlib-python/commit/0d5955f1ccbe1361cf6fe77934cea5d698cde5bc https://github.com/pvlib/pvlib-python/commit/9bb971215311cc6f1a8853f8057285c655fab03b https://github.com/pvlib/pvlib-python/commit/4ef201b3ffeb960f4a5b4d56d0297a42b012642d https://github.com/pvlib/pvlib-python/commit/c9bb8c0373ea985f8d7823511aaa4bd6131392d0 https://github.com/pvlib/pvlib-python/commit/1b67713f7d379c0e696d940795cc83cf80951b8e https://github.com/pvlib/pvlib-python/commit/78f2a69d75d8f43a1490c2b6b9cb578aef04963a https://github.com/pvlib/pvlib-python/commit/521fabe270d80035841d957f6de2ac46525de311 https://github.com/pvlib/pvlib-python/commit/f3da1809c9ba135b5420d790d4127680dfaee195,2291,https://github.com/pvlib/pvlib-python/pull/2291,gold/patches/pvlib__pvlib-python-2291.patch,2,56,38,2
ipython__ipython-14486,ipython/ipython,held_out,ad07901d8cf6fb874262c6387bd24d9e5a284144,8fb51573248f2996fd03150a16c4f5439d925f99,1,https://github.com/ipython/ipython/commit/8fb51573248f2996fd03150a16c4f5439d925f99,14486,https://github.com/ipython/ipython/pull/14486,gold/patches/ipython__ipython-14486.patch,2,13,4,1
pdm-project__pdm-2750,pdm-project/pdm,discovery,397d9b013c6ab0d26b8c71cebd5cccd998d599ff,486cd53e32088fc255033cf6e4b2c0c6ba7a0dab,1,https://github.com/pdm-project/pdm/commit/486cd53e32088fc255033cf6e4b2c0c6ba7a0dab,2750,https://github.com/pdm-project/pdm/pull/2750,gold/patches/pdm-project__pdm-2750.patch,5,35,14,2
keras-team__keras-19844,keras-team/keras,held_out,1c60668f6bdd05dab619806e7b2dc25d3ed4ccbf,aea74f14939c1fc4a66e5cea87e2388d28273f28,2,https://github.com/keras-team/keras/commit/4bd95b437fc7f61cdd2074da30f080014ac80c2b https://github.com/keras-team/keras/commit/aea74f14939c1fc4a66e5cea87e2388d28273f28,19844,https://github.com/keras-team/keras/pull/19844,gold/patches/keras-team__keras-19844.patch,2,2,0,1
kozea__weasyprint-2300,Kozea/WeasyPrint,discovery,ca74c8e81ce48b0f7b838492cab8634b9f1d33b7,0883acf9d96f7ebfc226c83102427d9a4cc20880,1,https://github.com/Kozea/WeasyPrint/commit/0883acf9d96f7ebfc226c83102427d9a4cc20880,2300,https://github.com/Kozea/WeasyPrint/pull/2300,gold/patches/kozea__weasyprint-2300.patch,1,3,3,1
kedro-org__kedro-3715,kedro-org/kedro,discovery,0fe2f1752ac67f9ce6d75bbe7a7fbe089b65ddff,facc2ad12f6fe6d843f9111367cc7d76ee32e0d2,7,https://github.com/kedro-org/kedro/commit/fbc6570366aa94b5836109db9d08e3de26af04ab https://github.com/kedro-org/kedro/commit/7e2394d5562b5a2af1702698dbea30ea17a88ffc https://github.com/kedro-org/kedro/commit/c7a24875c76acf731e41fa7e3a0cb4fc9bcfdf05 https://github.com/kedro-org/kedro/commit/0e971bdb053698e2eb5e9faef78cff0e2f43bbc5 https://github.com/kedro-org/kedro/commit/7c8ccaa98c438ca5545ae31ff8486ea0cf09eb87 https://github.com/kedro-org/kedro/commit/15b2c728cae33ba4dfdb3e8f469401b76fb7249c https://github.com/kedro-org/kedro/commit/facc2ad12f6fe6d843f9111367cc7d76ee32e0d2,3715,https://github.com/kedro-org/kedro/pull/3715,gold/patches/kedro-org__kedro-3715.patch,2,23,3,2
ipython__ipython-14503,ipython/ipython,held_out,78fea5f8d7bf6ca55796e82ed341e7fd291878f0,ed2b9275249c2fa00de0ec2bc5e8e3f91032f03b,1,https://github.com/ipython/ipython/commit/ed2b9275249c2fa00de0ec2bc5e8e3f91032f03b,14503,https://github.com/ipython/ipython/pull/14503,gold/patches/ipython__ipython-14503.patch,1,23,20,1
geopandas__geopandas-3378,geopandas/geopandas,pilot,2d2d94b1a67e0f1cff7bcd9d2bf4f603c936d027,3791d58512f55db6c7b2f7e9486929d52495b820,10,https://github.com/geopandas/geopandas/commit/1f7bf9069d04a579710bd33dcbf324c4ab7d895e https://github.com/geopandas/geopandas/commit/18494c474d676b2440fabf9191758bc988e9d0f9 https://github.com/geopandas/geopandas/commit/63390f27ab4a617ed43cb6092ed53be9c4ff32c4 https://github.com/geopandas/geopandas/commit/21e06302a731c8f05d7643e995f2e62fea4fa0ae https://github.com/geopandas/geopandas/commit/c7897c22eec15ac868475a1d5e33935370d57358 https://github.com/geopandas/geopandas/commit/d0d4a878f5f0b44f9df2c92c30f42d32260466ff https://github.com/geopandas/geopandas/commit/bac5f6b31d0673ef364f7320d97770a6e0635b65 https://github.com/geopandas/geopandas/commit/7cdc5b2a853a69ae9eb46248b40781b25425df13 https://github.com/geopandas/geopandas/commit/edda0c185de97da73b044a6ee7f8152f8d846e8f https://github.com/geopandas/geopandas/commit/3791d58512f55db6c7b2f7e9486929d52495b820,3378,https://github.com/geopandas/geopandas/pull/3378,gold/patches/geopandas__geopandas-3378.patch,2,7,5,2
pylint-dev__pylint-9594,pylint-dev/pylint,discovery,3c8be8ee40babf9bcbaae53b9f2ec518c6d76ca7,1f2a0dab1f2d65bdbbc3fca695f2cc3d75c04ff9,8,https://github.com/pylint-dev/pylint/commit/13accb55ece3fe55a71bc904726f5aae4dcbcfb6 https://github.com/pylint-dev/pylint/commit/bf17fd740525e8bdf308250bddec0076dfd43f6a https://github.com/pylint-dev/pylint/commit/9cc8a2a40d568d5239c0f65c17b0aee636026d8b https://github.com/pylint-dev/pylint/commit/b3d15fd68be4ed46a3019958dd4c318879e051b4 https://github.com/pylint-dev/pylint/commit/530d1e84d7ea532a373374f4757133ca6dfe63c7 https://github.com/pylint-dev/pylint/commit/0bd8a1a48888f593991e013a4fbaa96ad70eeeb5 https://github.com/pylint-dev/pylint/commit/7b5ddeaf2b3a8a84569bd7166ddf7c977b624cd1 https://github.com/pylint-dev/pylint/commit/1f2a0dab1f2d65bdbbc3fca695f2cc3d75c04ff9,9594,https://github.com/pylint-dev/pylint/pull/9594,gold/patches/pylint-dev__pylint-9594.patch,2,7,0,2
joke2k__faker-2074,joke2k/faker,pilot,754f979dfad93a6270d947a001da2ebed59512c5,097db943e9707ee8f64026fe0be7672c29cd0020,3,https://github.com/joke2k/faker/commit/8ce0e0eb6689caab4ff244fcb016e86d76350ea9 https://github.com/joke2k/faker/commit/7d667081a1cb82ba339047e7246816b27803df75 https://github.com/joke2k/faker/commit/097db943e9707ee8f64026fe0be7672c29cd0020,2074,https://github.com/joke2k/faker/pull/2074,gold/patches/joke2k__faker-2074.patch,1,576,157,1
deepset-ai__haystack-6717,deepset-ai/haystack,discovery,0616197b44ae95da03aad7e5ac3997b243bd735d,9e6ee1d389f53e8d5204c0499689d1997a81eaae,3,https://github.com/deepset-ai/haystack/commit/0e395405a6378c743cf83886d1ed9555a416127d https://github.com/deepset-ai/haystack/commit/d1fa0bed436f60efb15f4303879e35cd3a3aaea8 https://github.com/deepset-ai/haystack/commit/9e6ee1d389f53e8d5204c0499689d1997a81eaae,6717,https://github.com/deepset-ai/haystack/pull/6717,gold/patches/deepset-ai__haystack-6717.patch,2,7,1,2
patroni__patroni-3018,patroni/patroni,held_out,b09af642e6a345c021860148fd9946e1698ad545,4727333003564f32413deda7b53cf520c90df5b1,4,https://github.com/patroni/patroni/commit/0b58e5c32d0fc896f5476df6b8ae094ba5a6a40f https://github.com/patroni/patroni/commit/9a10ec79c431f5a408500363877522c9badfd227 https://github.com/patroni/patroni/commit/189522169e74d7cea0d4f6ee8fc72485162a6906 https://github.com/patroni/patroni/commit/4727333003564f32413deda7b53cf520c90df5b1,3018,https://github.com/patroni/patroni/pull/3018,gold/patches/patroni__patroni-3018.patch,2,63,19,1
kedro-org__kedro-3693,kedro-org/kedro,discovery,12bb1dd23855454a0e18a67843fc88540cc2eaf8,e4b32930e24e2a7d2f833a479c6ccc4623973df4,10,https://github.com/kedro-org/kedro/commit/e33556ef1b5ee0568ba17d3b8830453af51c3c96 https://github.com/kedro-org/kedro/commit/f2a9000cc07ab98f199031be8ba7a6a172fa2114 https://github.com/kedro-org/kedro/commit/8f82253efdf4a743db7653880645b73c696016d0 https://github.com/kedro-org/kedro/commit/d7f071843772b28f4e858ba9b28d83ff16e1d7c1 https://github.com/kedro-org/kedro/commit/b6d1eabec07c6ab816e06cdee7c5ed3b9c8d4595 https://github.com/kedro-org/kedro/commit/19715b1910ddc88ba03bc759ad2e2a19c53a4b0b https://github.com/kedro-org/kedro/commit/683e02a97f81576aa2b5f689ecfc2088508a35da https://github.com/kedro-org/kedro/commit/c211a968414520dbfc8fa2a8fae367331a64a15c https://github.com/kedro-org/kedro/commit/061a49910ae1887e107c53d52d6a7a9c7460a1ff https://github.com/kedro-org/kedro/commit/e4b32930e24e2a7d2f833a479c6ccc4623973df4,3693,https://github.com/kedro-org/kedro/pull/3693,gold/patches/kedro-org__kedro-3693.patch,2,9,2,2
stanfordnlp__dspy-1556,stanfordnlp/dspy,discovery,92d25a7066227d18f852eb49a397b46c11f0dc1a,ff53b20a6fc66ea4e55f393085c391d474ea111e,6,https://github.com/stanfordnlp/dspy/commit/8c929d3ec08da2669eb73973762d2d69e85aae7f https://github.com/stanfordnlp/dspy/commit/6779776480f24ff65d93436c3663d62193517e05 https://github.com/stanfordnlp/dspy/commit/557e126c14dfc958cd53b282d0f969ece6aef4d0 https://github.com/stanfordnlp/dspy/commit/691ab1016bfb7180057d1b52fadc3975b7fc0d5f https://github.com/stanfordnlp/dspy/commit/5682a53072e7dd6c2b58d091f001178268a24b72 https://github.com/stanfordnlp/dspy/commit/ff53b20a6fc66ea4e55f393085c391d474ea111e,1556,https://github.com/stanfordnlp/dspy/pull/1556,gold/patches/stanfordnlp__dspy-1556.patch,3,80,34,1
sissbruecker__linkding-820,sissbruecker/linkding,discovery,cb0301fd9e55bc5bb4eb50ae3800a9a5d0168145,01d8d29f619cadd6bf48cd5b3a7ad80e256f55f4,1,https://github.com/sissbruecker/linkding/commit/01d8d29f619cadd6bf48cd5b3a7ad80e256f55f4,820,https://github.com/sissbruecker/linkding/pull/820,gold/patches/sissbruecker__linkding-820.patch,3,33,23,1
jupyterlab__jupyter-ai-1257,jupyterlab/jupyter-ai,discovery,7b4586ef2adc560b457731ae07be87e348a8769e,c2679d284284bcafcc9444a2a27d964dfe16caf7,9,https://github.com/jupyterlab/jupyter-ai/commit/60a4f3fb053bdcc14ec1d98fa9942e1693b17191 https://github.com/jupyterlab/jupyter-ai/commit/6adb79fabb9f123599b199d14dcb6723a8b71836 https://github.com/jupyterlab/jupyter-ai/commit/b167f56956e6c102e8ffaa3f34cd69963aaf2d57 https://github.com/jupyterlab/jupyter-ai/commit/631d885f4821d16e428a8e06127181d18724a6df https://github.com/jupyterlab/jupyter-ai/commit/4655b8ff686d9a49040e98cecf2a224cf7dcf757 https://github.com/jupyterlab/jupyter-ai/commit/2eda9bfa5ae87e92a737ed3c88dc4be557abb7f6 https://github.com/jupyterlab/jupyter-ai/commit/d5ebac642baf1a25e75f76b0360a24ebf0fe62d7 https://github.com/jupyterlab/jupyter-ai/commit/3734564a528c5f5725d01f50f430c438d1f56e30 https://github.com/jupyterlab/jupyter-ai/commit/c2679d284284bcafcc9444a2a27d964dfe16caf7,1257,https://github.com/jupyterlab/jupyter-ai/pull/1257,gold/patches/jupyterlab__jupyter-ai-1257.patch,6,33,16,1
pylint-dev__pylint-10141,pylint-dev/pylint,discovery,14b242f66d3c8f0e3f27b05f948ae9005052e8c0,d3cb8de1fe2c4c325820f5fa596f64e8fc2d28dc,4,https://github.com/pylint-dev/pylint/commit/f782b59ba2312ac2120abf11bd21079218c463b1 https://github.com/pylint-dev/pylint/commit/027a3e2e6954458d564b1d4ccc2b71ab60021b45 https://github.com/pylint-dev/pylint/commit/f08024b240eb53ae6b534ab566b57c0e50f88e6e https://github.com/pylint-dev/pylint/commit/d3cb8de1fe2c4c325820f5fa596f64e8fc2d28dc,10141,https://github.com/pylint-dev/pylint/pull/10141,gold/patches/pylint-dev__pylint-10141.patch,5,31,3,2
matplotlib__matplotlib-27833,matplotlib/matplotlib,pilot,c0071b825b5b1d97b9216acd7b67b47004375ef2,4dc8db12fd402ba70877196be53d9edab4f5d4b6,1,https://github.com/matplotlib/matplotlib/commit/4dc8db12fd402ba70877196be53d9edab4f5d4b6,27833,https://github.com/matplotlib/matplotlib/pull/27833,gold/patches/matplotlib__matplotlib-27833.patch,2,25,2,2
pvlib__pvlib-python-2055,pvlib/pvlib-python,held_out,5d23f145efbe5b4ab44ceda5d29e16eecba288ff,c4b65e17c0a27da5982af88a901dcb068eb5311f,55,https://github.com/pvlib/pvlib-python/commit/6c4c32a1790da08a7bd8e70f5ed5f179f73b927d https://github.com/pvlib/pvlib-python/commit/9ce02d57e0387ad4e59a58a93c9709a6314879a7 https://github.com/pvlib/pvlib-python/commit/0ad7a68d2e01add674ce7e8f036b82b6f70cd27b https://github.com/pvlib/pvlib-python/commit/05961d2a721126a430a56d567fc07b3eb6b0d88a https://github.com/pvlib/pvlib-python/commit/45a36cb0dea1fb028479c673e1807ee13a5ae7d2 https://github.com/pvlib/pvlib-python/commit/b00a2d462de7c30c11d4592df3d7f81c8fa8cc94 https://github.com/pvlib/pvlib-python/commit/7bb7e0231ca96daf1e6f7d6aa9f7e1e14a5a6b24 https://github.com/pvlib/pvlib-python/commit/6d1ab576eee098a59389ded776732790ea333c23 https://github.com/pvlib/pvlib-python/commit/3fed2829cb598c49ab4786a61ae4376a79fe6191 https://github.com/pvlib/pvlib-python/commit/6f98df71f12e87a2d2abe729d8a4b74ce35e5884 https://github.com/pvlib/pvlib-python/commit/fe5b5c1d51e415b7113b3332b4d2c467171abc54 https://github.com/pvlib/pvlib-python/commit/97afcb8472f4df7dcc1d5fcbbb3cf002a94fe7f7 https://github.com/pvlib/pvlib-python/commit/defddfd3c2fd190b88992fa6cf941fb53768bd27 https://github.com/pvlib/pvlib-python/commit/a08ca7907a78b4fff8df15853f72f8839ead0da9 https://github.com/pvlib/pvlib-python/commit/6baa1ed369fdbe832ccef14de91780424680b728 https://github.com/pvlib/pvlib-python/commit/4515366b1270c8add07203c772bd579122120031 https://github.com/pvlib/pvlib-python/commit/83a61ba778664f34aae2a92e0584980ef6636c5e https://github.com/pvlib/pvlib-python/commit/745579c0f24b70996f1e20062b72718a2eeecf4d https://github.com/pvlib/pvlib-python/commit/b6d238a65de4ab6296c0a60ef354cde4b760831f https://github.com/pvlib/pvlib-python/commit/fa620033b04470f8959d3d9b36b1a311103b81c4 https://github.com/pvlib/pvlib-python/commit/5d80876dbbd5b930337182a7e46ffe9701e2a095 https://github.com/pvlib/pvlib-python/commit/3e9569445cca690508b2e2a83b09b1ed34b8d8b2 https://github.com/pvlib/pvlib-python/commit/59cb82bb00b7be70b10e0b904ea04bf56e42cfa6 https://github.com/pvlib/pvlib-python/commit/6e1c251961b8abc5bfb3e298901f5d00fa99e697 https://github.com/pvlib/pvlib-python/commit/0baa338dd319fc77b28e0a13e2e7c4b9d11ff83b https://github.com/pvlib/pvlib-python/commit/cd45c740c000aa4cdfc28dac4699f6b7c42ad936 https://github.com/pvlib/pvlib-python/commit/1e6914d486a54b9ef09d91e015229647f963d921 https://github.com/pvlib/pvlib-python/commit/dd78f3ea19ae4185dba52d0d887b46fcd49a5ff9 https://github.com/pvlib/pvlib-python/commit/35e07566f39d15acfa07c65800f7fdee83f98ac0 https://github.com/pvlib/pvlib-python/commit/758ea985e8ad61e7d80b6201087b4cd7af98ff09 https://github.com/pvlib/pvlib-python/commit/5102347d9cbb599f292c215ef5db05a603d7742a https://github.com/pvlib/pvlib-python/commit/1c940fb512360cc2362a6f0d1079878dcdf11811 https://github.com/pvlib/pvlib-python/commit/12c6a4927613b0e0f47d3b0d40d761d157eca5d4 https://github.com/pvlib/pvlib-python/commit/ab7d307581e3e89ebf42aecab8b965c72923fd74 https://github.com/pvlib/pvlib-python/commit/82aa0df60e462e6bf7b929d0df99dfbeb111455d https://github.com/pvlib/pvlib-python/commit/c4862b5c2f4c07d38f2ccc0cabc8e6b5d5190a18 https://github.com/pvlib/pvlib-python/commit/57d052e279b68d81ab84fd6570619751cfb3fa5b https://github.com/pvlib/pvlib-python/commit/85eae01cbf4ca9c3e0aba4f9f3819ddb44ebea9e https://github.com/pvlib/pvlib-python/commit/3fc557966c863360340719eb1637bfe451a0b762 https://github.com/pvlib/pvlib-python/commit/f255e8b72e0db1eb135191b3286ce9b2e993d6d1 https://github.com/pvlib/pvlib-python/commit/63df590d1cdfbc640dabd3383c8f8dc8b209787e https://github.com/pvlib/pvlib-python/commit/639ce7f819eccad5a99f3c3abaefaa38c2d3005e https://github.com/pvlib/pvlib-python/commit/33f778f8b18c9a82f256cf288ee3e3847eafc1d2 https://github.com/pvlib/pvlib-python/commit/16f0e5aeb5f92da5fe9d52d313efc64e9b23743f https://github.com/pvlib/pvlib-python/commit/274595412aeb72c379bd04014eaf008661733326 https://github.com/pvlib/pvlib-python/commit/eb2707fcc1eaf329ea5efff9ce02ff5f0f3057a2 https://github.com/pvlib/pvlib-python/commit/ab953b59f501e11a35ba0edfc7c7aac6484e33b1 https://github.com/pvlib/pvlib-python/commit/b8246c0b01dfd274205a16f87a3a1dab992089af https://github.com/pvlib/pvlib-python/commit/7da25f4fa63233945e624e6f2f4f3b33b38d7f94 https://github.com/pvlib/pvlib-python/commit/70d06cb16c03ce093ff9d67831cf455baecd1195 https://github.com/pvlib/pvlib-python/commit/dea79d3ae730138c3c51730cfd5f892e90da32e4 https://github.com/pvlib/pvlib-python/commit/2143c94a7b0fbf21d057666434beee936f7aa15c https://github.com/pvlib/pvlib-python/commit/80a6afb2f87ce16f3e4ad8125f572da16a72a982 https://github.com/pvlib/pvlib-python/commit/87cd7193630b56647ade3945da8b288722fa4f60 https://github.com/pvlib/pvlib-python/commit/c4b65e17c0a27da5982af88a901dcb068eb5311f,2055,https://github.com/pvlib/pvlib-python/pull/2055,gold/patches/pvlib__pvlib-python-2055.patch,7,119,62,2
streamlink__streamlink-6381,streamlink/streamlink,discovery,3d6a5fe55faadd4e3b242c65b2aed2fd76e1b9b9,6b9aca24de9397eb44fce8dd43d018d805327569,1,https://github.com/streamlink/streamlink/commit/6b9aca24de9397eb44fce8dd43d018d805327569,6381,https://github.com/streamlink/streamlink/pull/6381,gold/patches/streamlink__streamlink-6381.patch,1,146,71,1
koxudaxi__datamodel-code-generator-2305,koxudaxi/datamodel-code-generator,discovery,94c21e65f177d8f15a8ab806167037d668c88571,33036139c9a7f0e895e8282dd810dc260f624ca5,1,https://github.com/koxudaxi/datamodel-code-generator/commit/33036139c9a7f0e895e8282dd810dc260f624ca5,2305,https://github.com/koxudaxi/datamodel-code-generator/pull/2305,gold/patches/koxudaxi__datamodel-code-generator-2305.patch,3,107,103,2
fonttools__fonttools-3559,fonttools/fonttools,discovery,5e6b12d12fa08abafbeb7570f47707fbedf69a45,97929b32369514642280be56c75d4e3c563efe09,1,https://github.com/fonttools/fonttools/commit/97929b32369514642280be56c75d4e3c563efe09,3559,https://github.com/fonttools/fonttools/pull/3559,gold/patches/fonttools__fonttools-3559.patch,4,174,8,2
pylint-dev__pylint-9817,pylint-dev/pylint,discovery,6236b919309ae02702ee15b2b6bde71cc64ad4ad,fcf9cf44666d0459d47bff56cd647a20b3dba1fe,1,https://github.com/pylint-dev/pylint/commit/fcf9cf44666d0459d47bff56cd647a20b3dba1fe,9817,https://github.com/pylint-dev/pylint/pull/9817,gold/patches/pylint-dev__pylint-9817.patch,2,19,4,2
python-attrs__attrs-1417,python-attrs/attrs,held_out,19943b775d40c018e844f2cb1728442f58112a3b,017f9a984fab30fdf5774e966d481d4f49d07573,2,https://github.com/python-attrs/attrs/commit/f0beb60f55b00837c7500f5462c4a8417ea639e4 https://github.com/python-attrs/attrs/commit/017f9a984fab30fdf5774e966d481d4f49d07573,1417,https://github.com/python-attrs/attrs/pull/1417,gold/patches/python-attrs__attrs-1417.patch,1,1,1,1
keras-team__keras-19685,keras-team/keras,held_out,1353b11f343f06da7e8739369668de86d4875f23,7398ac5ac6d6b2fef43cf67256c15351dcc04f61,1,https://github.com/keras-team/keras/commit/7398ac5ac6d6b2fef43cf67256c15351dcc04f61,19685,https://github.com/keras-team/keras/pull/19685,gold/patches/keras-team__keras-19685.patch,6,79,18,1
fonttools__fonttools-3457,fonttools/fonttools,discovery,84ebc7d34510720858db4916103b41dcd7f28730,345d6b2f815b3e6bd6fd2127ca12b66ced604d1c,1,https://github.com/fonttools/fonttools/commit/345d6b2f815b3e6bd6fd2127ca12b66ced604d1c,3457,https://github.com/fonttools/fonttools/pull/3457,gold/patches/fonttools__fonttools-3457.patch,1,5,1,1
pytorch__torchtune-997,pytorch/torchtune,held_out,f35e5d6a840e1aeadefa92e87fd331c4798a0022,743eb983831533d957b9f14901d61090b759a371,3,https://github.com/pytorch/torchtune/commit/c03c3ad5f26bade1bd5bfac8d1f1bfc99bbb9dc7 https://github.com/pytorch/torchtune/commit/77f70d5e77cbb27e0495409b729ae5987c483438 https://github.com/pytorch/torchtune/commit/743eb983831533d957b9f14901d61090b759a371,997,https://github.com/pytorch/torchtune/pull/997,gold/patches/pytorch__torchtune-997.patch,1,6,2,1
aiogram__aiogram-1665,aiogram/aiogram,pilot,02683b8c3736b87f7af6ab86d4e1f56932309b0e,7affccef0a99b9568122dd688e6074c5c56f4940,1,https://github.com/aiogram/aiogram/commit/7affccef0a99b9568122dd688e6074c5c56f4940,1665,https://github.com/aiogram/aiogram/pull/1665,gold/patches/aiogram__aiogram-1665.patch,2,33,4,2
urllib3__urllib3-3428,urllib3/urllib3,held_out,528b0b69d2b66c4c7b99a5f13c314001b0bd91fa,1c77e9fda4c49067175c7e87b544aa21e34a7ecf,1,https://github.com/urllib3/urllib3/commit/1c77e9fda4c49067175c7e87b544aa21e34a7ecf,3428,https://github.com/urllib3/urllib3/pull/3428,gold/patches/urllib3__urllib3-3428.patch,3,4,1,3
conan-io__conan-15485,conan-io/conan,held_out,2c22ae5a2e9ae968148948dd416faa051c3964e3,2a90d5c4baeb52d14e200c1956bb4afc1bb304fc,5,https://github.com/conan-io/conan/commit/b592d75b5dc817775203777f0a47658c52e18ac4 https://github.com/conan-io/conan/commit/627291d4bd147051f84ea80985d458ccef9210d7 https://github.com/conan-io/conan/commit/6ee27b3139e10ff9895a779d47cda9dbe343aa6a https://github.com/conan-io/conan/commit/93b264c1f0a48c48a081869174eff3911021c586 https://github.com/conan-io/conan/commit/2a90d5c4baeb52d14e200c1956bb4afc1bb304fc,15485,https://github.com/conan-io/conan/pull/15485,gold/patches/conan-io__conan-15485.patch,2,11,6,2
pvlib__pvlib-python-1977,pvlib/pvlib-python,held_out,780c3ab8536db878ebcc65abd0ec90483005c658,53c55172169f3624fe2e582a7dc7b130b3ec7751,7,https://github.com/pvlib/pvlib-python/commit/b582472eed9b2aa2868eff02caa3e7843057e6c0 https://github.com/pvlib/pvlib-python/commit/0f8da57e63261ee4d18ed03f39c580cefdab4720 https://github.com/pvlib/pvlib-python/commit/fe1e67648fe2e133d9d932c8fb7e731db230a747 https://github.com/pvlib/pvlib-python/commit/2f36d7c5a4787892a85b8c3a1c84002643c6a8df https://github.com/pvlib/pvlib-python/commit/ecfa727297aa1fb904b2a75a25ea6b4b6efb4a55 https://github.com/pvlib/pvlib-python/commit/3cd6e6335a04876333a090bf5291667cc675f02b https://github.com/pvlib/pvlib-python/commit/53c55172169f3624fe2e582a7dc7b130b3ec7751,1977,https://github.com/pvlib/pvlib-python/pull/1977,gold/patches/pvlib__pvlib-python-1977.patch,2,12,6,2
koxudaxi__datamodel-code-generator-1999,koxudaxi/datamodel-code-generator,discovery,b1c0f22ad8c192a3de34a0be4c7671d83cd52b6d,3d434536c540bd2197dddc952d60e01ae520ef8c,16,https://github.com/koxudaxi/datamodel-code-generator/commit/75d0f86e2a8ccfb92831649c219e741897236ca6 https://github.com/koxudaxi/datamodel-code-generator/commit/88dbd1b703f7570d7a90c3e7209e72d77b20d6ac https://github.com/koxudaxi/datamodel-code-generator/commit/3f08a5cf80d10fc4b58639befff0329a3204c370 https://github.com/koxudaxi/datamodel-code-generator/commit/75114d5d540df36bdaa353ecff3cfdf86e6b4931 https://github.com/koxudaxi/datamodel-code-generator/commit/6eee2a9b86922c1fa396b69a28d185206a8e3fd6 https://github.com/koxudaxi/datamodel-code-generator/commit/f11a51c4a69ca2dd8a9c75db18a43fea964b53e4 https://github.com/koxudaxi/datamodel-code-generator/commit/50ce128adf8f56acb4aa8f1021ccf10d09d7f3bf https://github.com/koxudaxi/datamodel-code-generator/commit/cccb3eba354974ea8cfcf87cd40b715108130361 https://github.com/koxudaxi/datamodel-code-generator/commit/5de8acf04a1942e13bf38d9051f83b7d22bf0f6c https://github.com/koxudaxi/datamodel-code-generator/commit/ddbec6a346ed67e2102fc187a8efa005501ded0f https://github.com/koxudaxi/datamodel-code-generator/commit/6091a7856626d82a823b0a117b07487dddc53b6a https://github.com/koxudaxi/datamodel-code-generator/commit/dc25188e6539d5912b3a964441772af8041b3375 https://github.com/koxudaxi/datamodel-code-generator/commit/ec64a72a66e9329c47b7bb884ab892eaf8ed38d5 https://github.com/koxudaxi/datamodel-code-generator/commit/1cefb145f213a8511273fc4afdb05a014365c57d https://github.com/koxudaxi/datamodel-code-generator/commit/06d25838a04fb95874f7c8a46b0cb08ea44a020b https://github.com/koxudaxi/datamodel-code-generator/commit/3d434536c540bd2197dddc952d60e01ae520ef8c,1999,https://github.com/koxudaxi/datamodel-code-generator/pull/1999,gold/patches/koxudaxi__datamodel-code-generator-1999.patch,1,14,4,1
pydata__xarray-9498,pydata/xarray,held_out,bb539d8e89fa7601e69fb9dbf849b051c61a3a31,cee4b142b887151ab26b351b9d9cb11d27397f8d,20,https://github.com/pydata/xarray/commit/bab549b0c02cc267a4ccb6251f33d64f3e231e7d https://github.com/pydata/xarray/commit/b31f75e0ec215d23cd0c9c4da5206ab6d7b40ce5 https://github.com/pydata/xarray/commit/6c83b68c878ea2290bd4fbe1f9fa0199445fba5f https://github.com/pydata/xarray/commit/8331839baadb3c218872cf1bf061817484e90024 https://github.com/pydata/xarray/commit/a38b4fe0314ec26ecaea2da2308f63ac08e3fbdd https://github.com/pydata/xarray/commit/b290dcecbd180ce4378103db74aa4bc691affdbf https://github.com/pydata/xarray/commit/5e5bd776ef6d0a7333dc91598da9e65fedff6c90 https://github.com/pydata/xarray/commit/1d2d03573f9da9191fd1c1a0e18873470cb26857 https://github.com/pydata/xarray/commit/76de275b62799f69d95b35956afc20c3169a6c7c https://github.com/pydata/xarray/commit/9ee5eea73d09074e09a7ff84cf8bc95acf077438 https://github.com/pydata/xarray/commit/2970532719e47afce2fa23ee1e7cff1b856fa508 https://github.com/pydata/xarray/commit/74a85b022f740986573cb257b9cd169d15cec14c https://github.com/pydata/xarray/commit/039674f9332112710cf9c9783baab19a23ff31dc https://github.com/pydata/xarray/commit/f3c661f0f28ceeb90d78c8cae6d0da35b4f79db6 https://github.com/pydata/xarray/commit/3bb45d60ddab1a8d60a4cc01b246f59d64b08a66 https://github.com/pydata/xarray/commit/ddf109f094d803c36989c1bdbb6fa4706d7112a1 https://github.com/pydata/xarray/commit/5fb86ad9f0a13472de4fcea8a4cf0bc1daeaf1c6 https://github.com/pydata/xarray/commit/69e7f122c92b3b11e56d2cce94c5e894bcd58416 https://github.com/pydata/xarray/commit/b5f0bd364445566e92e97e0d1c3265363560b9fd https://github.com/pydata/xarray/commit/cee4b142b887151ab26b351b9d9cb11d27397f8d,9498,https://github.com/pydata/xarray/pull/9498,gold/patches/pydata__xarray-9498.patch,2,98,68,2
streamlink__streamlink-6328,streamlink/streamlink,discovery,f3c3546925897243edb4e3ba42210c5262ce74cf,42209425866ed6797ad2c8a668ccb0b1d46cea36,1,https://github.com/streamlink/streamlink/commit/42209425866ed6797ad2c8a668ccb0b1d46cea36,6328,https://github.com/streamlink/streamlink/pull/6328,gold/patches/streamlink__streamlink-6328.patch,1,4,22,1
koxudaxi__datamodel-code-generator-2327,koxudaxi/datamodel-code-generator,discovery,2edac1defc9ba641a91cd96dd2d06ab5419faf62,8c3e576a9e0fbe276e9e55eb481365b9579f2ec7,4,https://github.com/koxudaxi/datamodel-code-generator/commit/f3a4779f28ecd136090f5e939d1e434c663ec3d1 https://github.com/koxudaxi/datamodel-code-generator/commit/fdb826b88c933ae7f52906b53d9355233dfe0385 https://github.com/koxudaxi/datamodel-code-generator/commit/7ca92478032d778a9000379a6ba2682cd48ed4e0 https://github.com/koxudaxi/datamodel-code-generator/commit/8c3e576a9e0fbe276e9e55eb481365b9579f2ec7,2327,https://github.com/koxudaxi/datamodel-code-generator/pull/2327,gold/patches/koxudaxi__datamodel-code-generator-2327.patch,1,2,1,1
sissbruecker__linkding-863,sissbruecker/linkding,discovery,ebed0c050d61366dc81aea41e75bbbf86bde0963,ec55e6dd905a95590c53e3fc2a166b478363227a,1,https://github.com/sissbruecker/linkding/commit/ec55e6dd905a95590c53e3fc2a166b478363227a,863,https://github.com/sissbruecker/linkding/pull/863,gold/patches/sissbruecker__linkding-863.patch,6,43,1,1
conan-io__conan-15499,conan-io/conan,held_out,2c22ae5a2e9ae968148948dd416faa051c3964e3,b8ca3f67ff4fb312a4f36f16cbb1d31da10459a0,1,https://github.com/conan-io/conan/commit/b8ca3f67ff4fb312a4f36f16cbb1d31da10459a0,15499,https://github.com/conan-io/conan/pull/15499,gold/patches/conan-io__conan-15499.patch,2,3,1,1
icloud-photos-downloader__icloud_photos_downloader-1082,icloud-photos-downloader/icloud_photos_downloader,pilot,b69c9a125d9202828ef7aa679d51a4b5365f10ba,47eef38d832285980a5eefec7f2dcf9be02437c2,3,https://github.com/icloud-photos-downloader/icloud_photos_downloader/commit/16cb165d7a8ded55a3613a4f55f06895a875fc5d https://github.com/icloud-photos-downloader/icloud_photos_downloader/commit/ceffcdc6961f2d3c26ea8eb6d68aa8ed77c302a1 https://github.com/icloud-photos-downloader/icloud_photos_downloader/commit/47eef38d832285980a5eefec7f2dcf9be02437c2,1082,https://github.com/icloud-photos-downloader/icloud_photos_downloader/pull/1082,gold/patches/icloud-photos-downloader__icloud_photos_downloader-1082.patch,4,63,40,2
qtile__qtile-4953,qtile/qtile,discovery,ff90e5cfae7418ad62d0accc3cb38757fca2cdb9,a7d72ba5203255dedb58c2e8ea295bda95509f2e,1,https://github.com/qtile/qtile/commit/a7d72ba5203255dedb58c2e8ea295bda95509f2e,4953,https://github.com/qtile/qtile/pull/4953,gold/patches/qtile__qtile-4953.patch,1,4,1,1
jupyterlab__jupyter-ai-717,jupyterlab/jupyter-ai,discovery,0a6a0296e61e04936d8ef97d5fbdbc1a6d2575f4,4dcf8852af9dfccf1163b65dada487f5e1c414a8,2,https://github.com/jupyterlab/jupyter-ai/commit/183b953030eda32f8fcbb06f20edb0bebb8d20d4 https://github.com/jupyterlab/jupyter-ai/commit/4dcf8852af9dfccf1163b65dada487f5e1c414a8,717,https://github.com/jupyterlab/jupyter-ai/pull/717,gold/patches/jupyterlab__jupyter-ai-717.patch,8,365,262,2
beeware__briefcase-1598,beeware/briefcase,held_out,7d689209e70625938af7549bdd17feac79436b2f,4886cb8cf2ff91bbd8cbaa7ff246befb1d1703bf,2,https://github.com/beeware/briefcase/commit/5571005ff6d2f499a26bbe7cab6671c5440216cb https://github.com/beeware/briefcase/commit/4886cb8cf2ff91bbd8cbaa7ff246befb1d1703bf,1598,https://github.com/beeware/briefcase/pull/1598,gold/patches/beeware__briefcase-1598.patch,3,49,33,2
encode__starlette-2711,encode/starlette,pilot,b68a142a356ede730083347f254e1eae8b5c803e,a3724fc62a29a0b5463d40697faa6d7298411770,1,https://github.com/encode/starlette/commit/a3724fc62a29a0b5463d40697faa6d7298411770,2711,https://github.com/encode/starlette/pull/2711,gold/patches/encode__starlette-2711.patch,1,1,1,1
pdm-project__pdm-2800,pdm-project/pdm,discovery,bf07ca9344e6e161bacfda47fa38ffcd6b55d452,791b459ac7b1ef2f1d727dc941b3147f389441c7,2,https://github.com/pdm-project/pdm/commit/028762a8a53c2b4b600cab20ceb1b99e4f785054 https://github.com/pdm-project/pdm/commit/791b459ac7b1ef2f1d727dc941b3147f389441c7,2800,https://github.com/pdm-project/pdm/pull/2800,gold/patches/pdm-project__pdm-2800.patch,2,2,1,2
shapely__shapely-2224,shapely/shapely,discovery,5b61787eb708db4990a8eb40bf4c069d04d3aa24,99dc8926f34a185941bf19b30c22abe24a50b471,1,https://github.com/shapely/shapely/commit/99dc8926f34a185941bf19b30c22abe24a50b471,2224,https://github.com/shapely/shapely/pull/2224,gold/patches/shapely__shapely-2224.patch,1,9,2,1
deepset-ai__haystack-9066,deepset-ai/haystack,discovery,db50579bbfdd89aeaf17b73d0dcd50b5ea93f1dc,4b07891bbb3346da18b7d7889a487403f3612ad9,5,https://github.com/deepset-ai/haystack/commit/08720c0ec758c8fc07815788b90d95af59ffaaa1 https://github.com/deepset-ai/haystack/commit/8bedc0567e67d6402358631a60e92c7fdc55dd17 https://github.com/deepset-ai/haystack/commit/dffb660a4d9e8bb2fed331f423525b2f649e4f8d https://github.com/deepset-ai/haystack/commit/3b1bcd95cb25f5a0226297fed6c8d24987ab0da1 https://github.com/deepset-ai/haystack/commit/4b07891bbb3346da18b7d7889a487403f3612ad9,9066,https://github.com/deepset-ai/haystack/pull/9066,gold/patches/deepset-ai__haystack-9066.patch,1,6,3,1
keras-team__keras-19883,keras-team/keras,held_out,ef50ceb0f05df7ba2bd406f935a75fad6a13255d,60a395d5f43dbc7a9827dc826a6b5a430df80d49,2,https://github.com/keras-team/keras/commit/716bc098760d2311868af276c7a0f83d1353cd9b https://github.com/keras-team/keras/commit/60a395d5f43dbc7a9827dc826a6b5a430df80d49,19883,https://github.com/keras-team/keras/pull/19883,gold/patches/keras-team__keras-19883.patch,2,4,0,1
sphinx-doc__sphinx-12196,sphinx-doc/sphinx,discovery,885818bb7f63783ac93ff2f81bb50fe5a1cb5831,e0bf6e78dd916261291d4e3222af4d93c35d15e7,6,https://github.com/sphinx-doc/sphinx/commit/bf57bf54653f9bffffde880584719ca11bbf485f https://github.com/sphinx-doc/sphinx/commit/17c9f411762eba20d5e5715ed827d91ecd27df8a https://github.com/sphinx-doc/sphinx/commit/e8d65586e28dc4c6fbb31d8b98ae08382b45213c https://github.com/sphinx-doc/sphinx/commit/061d412e0b5439a661b8dbb9ba8222086a7bf59c https://github.com/sphinx-doc/sphinx/commit/08b49d0dabf0d1148c50945f421e66d9922fc49c https://github.com/sphinx-doc/sphinx/commit/e0bf6e78dd916261291d4e3222af4d93c35d15e7,12196,https://github.com/sphinx-doc/sphinx/pull/12196,gold/patches/sphinx-doc__sphinx-12196.patch,1,18,5,1
instructlab__instructlab-1002,instructlab/instructlab,discovery,4aa80b1f403f96dc3f6503c83dbea21b18e8a337,25005897c8ad2c2d06bf8e16c4f1066f5be42009,1,https://github.com/instructlab/instructlab/commit/25005897c8ad2c2d06bf8e16c4f1066f5be42009,1002,https://github.com/instructlab/instructlab/pull/1002,gold/patches/instructlab__instructlab-1002.patch,4,108,15,1
deepset-ai__haystack-6713,deepset-ai/haystack,discovery,1841aec11e479ed75d912bb01db7cc90dd2c4e47,fbbe374588b982b319706c255481810f9f7971e6,15,https://github.com/deepset-ai/haystack/commit/28acc00536cca2834d3424edc5bb1a608f1d4e94 https://github.com/deepset-ai/haystack/commit/8585471d83c1f888809d23282cbb7f84073bb87e https://github.com/deepset-ai/haystack/commit/25f2d03dd2425db229f2ff52e41441ea95c23ae5 https://github.com/deepset-ai/haystack/commit/b558137f805b60024cc6976293b898edd85c5f0b https://github.com/deepset-ai/haystack/commit/56442476c51d3fc095423bbfb87b2915e47477af https://github.com/deepset-ai/haystack/commit/2cf658abae6cf8510ac735e02b266740fc4fa061 https://github.com/deepset-ai/haystack/commit/e854c6f3dbf43726685e9bd07e748fcf7e549142 https://github.com/deepset-ai/haystack/commit/202754f91d6e727c48feaea629db8d5e099acbcd https://github.com/deepset-ai/haystack/commit/e47c9fd78f01221cbd5cd57a7dcd5e332dbabcd9 https://github.com/deepset-ai/haystack/commit/2f0b92697b5233fae468c534a132710658138e30 https://github.com/deepset-ai/haystack/commit/af290b58f352a96c4cb2f519652dbaf4e70f7e2f https://github.com/deepset-ai/haystack/commit/d032a1eb9fbb1a82605809f6c3e67687fcb5f2bd https://github.com/deepset-ai/haystack/commit/69365c9d5c195cad959e3cab67d0af9943c0d791 https://github.com/deepset-ai/haystack/commit/8bbbfff377d48f42cafccc0bfbbfadd4f0eb69ba https://github.com/deepset-ai/haystack/commit/fbbe374588b982b319706c255481810f9f7971e6,6713,https://github.com/deepset-ai/haystack/pull/6713,gold/patches/deepset-ai__haystack-6713.patch,4,148,14,2
reata__sqllineage-540,reata/sqllineage,discovery,a93b89479e6f8764c4bd617c35752bb2e61589f9,df79cf033a08506bc351dce5cfcc7b9e08b1022b,12,https://github.com/reata/sqllineage/commit/025dc7e54ebf628491b341082175c024df26ca5d https://github.com/reata/sqllineage/commit/1e082d79aec0f3b42a1788eb71f51b97a5855fd8 https://github.com/reata/sqllineage/commit/b14b75697ad3e59be9c313a1742e3c1be8dc98e9 https://github.com/reata/sqllineage/commit/37be649bdb68d64cc16351c4b1a650047324f947 https://github.com/reata/sqllineage/commit/dd8ab85e065902b3e336f4bbabff4c61e88524d3 https://github.com/reata/sqllineage/commit/dd43a32d832063c53ae143a6c5e75bd7ff59ed9e https://github.com/reata/sqllineage/commit/bec8d733fcb6d9e2be976ca9e7d79b8e54bb5987 https://github.com/reata/sqllineage/commit/91a549defc0cd58f8ce037b5f31f49f4741ca3f9 https://github.com/reata/sqllineage/commit/5515b873e94de64dc07838a8e874d0f141ea3299 https://github.com/reata/sqllineage/commit/452e5d1dfc5766f58cce0a6f2fb123847df08562 https://github.com/reata/sqllineage/commit/6c3803256df57737479308b38b791a8ff00ca030 https://github.com/reata/sqllineage/commit/df79cf033a08506bc351dce5cfcc7b9e08b1022b,540,https://github.com/reata/sqllineage/pull/540,gold/patches/reata__sqllineage-540.patch,8,124,54,2
shapely__shapely-2226,shapely/shapely,discovery,74eddd6af20566771ae4551a21e389e9ec188e66,c98f5e43a9adfeb213c247800070c7b004ebfd5c,2,https://github.com/shapely/shapely/commit/06bf454e2b7723dba375f1c633942dec5469a35f https://github.com/shapely/shapely/commit/c98f5e43a9adfeb213c247800070c7b004ebfd5c,2226,https://github.com/shapely/shapely/pull/2226,gold/patches/shapely__shapely-2226.patch,2,4,3,2
python-babel__babel-1164,python-babel/babel,discovery,6bbdc0e8e91a547c9f89c175d365c9abeeb45fb2,9327e5f546d89525f1d7110102559f2c37fcf5d8,5,https://github.com/python-babel/babel/commit/66fcd53ba29cfcf9534df8e578a31e33478f2829 https://github.com/python-babel/babel/commit/4d1c8825e80ec91534c4c1ccc0108a323c23638c https://github.com/python-babel/babel/commit/ed4595bb6a60dec283491d3176f1e4c8c3a892ba https://github.com/python-babel/babel/commit/af558d43ebea1ea8cc680ea3654c4ed778a72432 https://github.com/python-babel/babel/commit/9327e5f546d89525f1d7110102559f2c37fcf5d8,1164,https://github.com/python-babel/babel/pull/1164,gold/patches/python-babel__babel-1164.patch,9,227,159,1
pypsa__pypsa-964,PyPSA/PyPSA,discovery,48f526719d95454efed652e147fcdb0c5a8edf83,e9d4a1e5aaa2ba0ef81cf782cacf59ccab43b8cb,1,https://github.com/PyPSA/PyPSA/commit/e9d4a1e5aaa2ba0ef81cf782cacf59ccab43b8cb,964,https://github.com/PyPSA/PyPSA/pull/964,gold/patches/pypsa__pypsa-964.patch,1,8,6,1
ipython__ipython-14474,ipython/ipython,held_out,580137e726f52665d2cc19ab5a0aaac55da0d47a,5827cc8b7a69a67076bbf0c903dfcf0617ca96af,3,https://github.com/ipython/ipython/commit/6bc9941f2eb5590e23ffbbdeb6ed4ba1520f273c https://github.com/ipython/ipython/commit/273ea6fe5f4c47658ea6f7e6d7a5bc8b6c2c0c4d https://github.com/ipython/ipython/commit/5827cc8b7a69a67076bbf0c903dfcf0617ca96af,14474,https://github.com/ipython/ipython/pull/14474,gold/patches/ipython__ipython-14474.patch,1,69,26,1
stanfordnlp__dspy-8053,stanfordnlp/dspy,discovery,dd954e3cf2fbb119530ca2e6885b784bad9bace9,a1a8909272f9de4f45a36e68e32251943ffe182f,1,https://github.com/stanfordnlp/dspy/commit/a1a8909272f9de4f45a36e68e32251943ffe182f,8053,https://github.com/stanfordnlp/dspy/pull/8053,gold/patches/stanfordnlp__dspy-8053.patch,1,10,9,1
beeware__briefcase-1640,beeware/briefcase,held_out,43dc5a4548dcda23fda646087702886287deffe9,4eb8f84c4b373c72715361039cce2854851dd483,3,https://github.com/beeware/briefcase/commit/80266e1d6d42076f0b7821d357cfa98f882a6328 https://github.com/beeware/briefcase/commit/e418ed7d999f02eb823b240c9d1ca8de0dedf203 https://github.com/beeware/briefcase/commit/4eb8f84c4b373c72715361039cce2854851dd483,1640,https://github.com/beeware/briefcase/pull/1640,gold/patches/beeware__briefcase-1640.patch,2,31,6,2
aws-cloudformation__cfn-lint-3552,aws-cloudformation/cfn-lint,discovery,8f1d89a6acab43cfa6a6e1931442ba362d48617a,152e8d8a29f2a8f4c52d190af2b504f376351c81,1,https://github.com/aws-cloudformation/cfn-lint/commit/152e8d8a29f2a8f4c52d190af2b504f376351c81,3552,https://github.com/aws-cloudformation/cfn-lint/pull/3552,gold/patches/aws-cloudformation__cfn-lint-3552.patch,5,164,13,1
ipython__ipython-14822,ipython/ipython,held_out,a6a4b0a85d70677937f7fd83c23185384d4f7827,35312996153a662d66115a722878639aa8ac15e8,2,https://github.com/ipython/ipython/commit/6b9ab894dc1601644717f3fafa761a74e7a25d7d https://github.com/ipython/ipython/commit/35312996153a662d66115a722878639aa8ac15e8,14822,https://github.com/ipython/ipython/pull/14822,gold/patches/ipython__ipython-14822.patch,1,3,9,1
joke2k__faker-1991,joke2k/faker,pilot,17f22ba4cb5c158b63785c8e441597369dafdb61,e8507560aa85cc9e6d41c7857eac7d3cba7e52c4,4,https://github.com/joke2k/faker/commit/91190197693daabca8302be68e5c4d2ea9127d4c https://github.com/joke2k/faker/commit/b2a449021231dadf1e5afc4803f39c39fe638ad4 https://github.com/joke2k/faker/commit/40b12b59f541e5dffa738fb7b479c72b8cfdd538 https://github.com/joke2k/faker/commit/e8507560aa85cc9e6d41c7857eac7d3cba7e52c4,1991,https://github.com/joke2k/faker/pull/1991,gold/patches/joke2k__faker-1991.patch,1,25,9,1
pytorch__torchtune-1109,pytorch/torchtune,held_out,f200da58c8f5007b61266504204c61a171f6b3dd,cdf5cdfcc4c5ade680e9229ffd02c86cf7891599,8,https://github.com/pytorch/torchtune/commit/d6da196268f4850fba7940629e3232a4c91ea064 https://github.com/pytorch/torchtune/commit/86e6e7651d7f098ac3fd74d37c7f6179379be5be https://github.com/pytorch/torchtune/commit/133c949679ad8f6c23f7989b64f96e6cc59ef804 https://github.com/pytorch/torchtune/commit/4a434a29fa8f1a4419b3de1fd138541659f248ce https://github.com/pytorch/torchtune/commit/772872c617d5cfa9303cd6f79157e811d992e704 https://github.com/pytorch/torchtune/commit/cd2aa69b45cab6eb549fc13478a9c19c1a62121a https://github.com/pytorch/torchtune/commit/60d19aba17563102d393ce3f6b86b80216014720 https://github.com/pytorch/torchtune/commit/cdf5cdfcc4c5ade680e9229ffd02c86cf7891599,1109,https://github.com/pytorch/torchtune/pull/1109,gold/patches/pytorch__torchtune-1109.patch,4,155,127,1
